ISO-10303-21;
HEADER;
FILE_DESCRIPTION((''),'2;1');
FILE_NAME('C-2-1445098-2','2011-07-21T',('workeradm'),(''),
'PRO/ENGINEER BY PARAMETRIC TECHNOLOGY CORPORATION, 2010430',
'PRO/ENGINEER BY PARAMETRIC TECHNOLOGY CORPORATION, 2010430','');
FILE_SCHEMA(('AUTOMOTIVE_DESIGN { 1 0 10303 214 1 1 1 1 }'));
ENDSEC;
DATA;
#1=COLOUR_RGB('',8.784E-1,9.49E-1,1.E0);
#2=DIRECTION('',(0.E0,0.E0,1.E0));
#3=VECTOR('',#2,9.24E0);
#4=CARTESIAN_POINT('',(-3.5E0,1.93E0,-9.24E0));
#5=LINE('',#4,#3);
#6=DIRECTION('',(0.E0,-1.E0,0.E0));
#7=VECTOR('',#6,3.86E0);
#8=CARTESIAN_POINT('',(-3.5E0,1.93E0,0.E0));
#9=LINE('',#8,#7);
#10=DIRECTION('',(0.E0,0.E0,-1.E0));
#11=VECTOR('',#10,9.24E0);
#12=CARTESIAN_POINT('',(-3.5E0,-1.93E0,0.E0));
#13=LINE('',#12,#11);
#14=DIRECTION('',(0.E0,1.E0,0.E0));
#15=VECTOR('',#14,6.4E-1);
#16=CARTESIAN_POINT('',(-3.5E0,-1.93E0,-9.24E0));
#17=LINE('',#16,#15);
#18=DIRECTION('',(0.E0,0.E0,1.E0));
#19=VECTOR('',#18,1.13E0);
#20=CARTESIAN_POINT('',(-3.5E0,-1.29E0,-9.24E0));
#21=LINE('',#20,#19);
#22=DIRECTION('',(0.E0,1.E0,0.E0));
#23=VECTOR('',#22,2.58E0);
#24=CARTESIAN_POINT('',(-3.5E0,-1.29E0,-8.11E0));
#25=LINE('',#24,#23);
#26=DIRECTION('',(0.E0,0.E0,-1.E0));
#27=VECTOR('',#26,1.13E0);
#28=CARTESIAN_POINT('',(-3.5E0,1.29E0,-8.11E0));
#29=LINE('',#28,#27);
#30=DIRECTION('',(0.E0,1.E0,0.E0));
#31=VECTOR('',#30,6.4E-1);
#32=CARTESIAN_POINT('',(-3.5E0,1.29E0,-9.24E0));
#33=LINE('',#32,#31);
#34=DIRECTION('',(0.E0,0.E0,-1.E0));
#35=VECTOR('',#34,2.E0);
#36=CARTESIAN_POINT('',(-3.5E0,-5.E-1,-4.15E0));
#37=LINE('',#36,#35);
#38=DIRECTION('',(0.E0,1.E0,0.E0));
#39=VECTOR('',#38,1.E0);
#40=CARTESIAN_POINT('',(-3.5E0,-5.E-1,-4.15E0));
#41=LINE('',#40,#39);
#42=DIRECTION('',(0.E0,0.E0,-1.E0));
#43=VECTOR('',#42,2.E0);
#44=CARTESIAN_POINT('',(-3.5E0,5.E-1,-4.15E0));
#45=LINE('',#44,#43);
#46=DIRECTION('',(0.E0,1.E0,0.E0));
#47=VECTOR('',#46,1.E0);
#48=CARTESIAN_POINT('',(-3.5E0,-5.E-1,-6.15E0));
#49=LINE('',#48,#47);
#50=DIRECTION('',(7.374064475979E-8,-2.760411982307E-14,1.E0));
#51=VECTOR('',#50,3.491049856149E0);
#52=CARTESIAN_POINT('',(-1.9E0,1.93E0,-3.491049838058E0));
#53=LINE('',#52,#51);
#54=DIRECTION('',(1.E0,0.E0,0.E0));
#55=VECTOR('',#54,1.465E0);
#56=CARTESIAN_POINT('',(-3.5E0,1.93E0,-9.24E0));
#57=LINE('',#56,#55);
#58=DIRECTION('',(0.E0,0.E0,1.E0));
#59=VECTOR('',#58,3.7E-1);
#60=CARTESIAN_POINT('',(-2.035E0,1.93E0,-9.24E0));
#61=LINE('',#60,#59);
#62=DIRECTION('',(1.E0,0.E0,0.E0));
#63=VECTOR('',#62,4.07E0);
#64=CARTESIAN_POINT('',(-2.035E0,1.93E0,-8.87E0));
#65=LINE('',#64,#63);
#66=DIRECTION('',(0.E0,0.E0,1.E0));
#67=VECTOR('',#66,3.7E-1);
#68=CARTESIAN_POINT('',(2.035E0,1.93E0,-9.24E0));
#69=LINE('',#68,#67);
#70=DIRECTION('',(1.E0,0.E0,0.E0));
#71=VECTOR('',#70,1.465E0);
#72=CARTESIAN_POINT('',(2.035E0,1.93E0,-9.24E0));
#73=LINE('',#72,#71);
#74=DIRECTION('',(7.374009159613E-8,2.773132774853E-14,-1.E0));
#75=VECTOR('',#74,3.491049856149E0);
#76=CARTESIAN_POINT('',(1.899999742570E0,1.93E0,1.809126877212E-8));
#77=LINE('',#76,#75);
#78=DIRECTION('',(-1.E0,0.E0,0.E0));
#79=VECTOR('',#78,3.8E0);
#80=CARTESIAN_POINT('',(1.9E0,1.93E0,-3.491049838058E0));
#81=LINE('',#80,#79);
#82=CARTESIAN_POINT('',(-1.3E0,2.53E0,-8.568888040453E-1));
#83=CARTESIAN_POINT('',(-1.3E0,2.485090727481E0,-7.927517160128E-1));
#84=CARTESIAN_POINT('',(-1.309973645874E0,2.400410172717E0,-6.718153505160E-1));
#85=CARTESIAN_POINT('',(-1.346628119484E0,2.289081707785E0,-5.128218252342E-1));
#86=CARTESIAN_POINT('',(-1.400034237495E0,2.192521133774E0,-3.749190339159E-1));
#87=CARTESIAN_POINT('',(-1.466823444852E0,2.110523721781E0,-2.578145934743E-1));
#88=CARTESIAN_POINT('',(-1.544466846459E0,2.043146146547E0,-1.615894435003E-1));
#89=CARTESIAN_POINT('',(-1.630392699227E0,1.990909931050E0,-8.698839722213E-2));
#90=CARTESIAN_POINT('',(-1.721526229477E0,1.954511015289E0,-3.500535537911E-2));
#91=CARTESIAN_POINT('',(-1.811933257791E0,1.934224858796E0,-6.033732064349E-3));
#92=CARTESIAN_POINT('',(-1.870823029329E0,1.93E0,1.809140448561E-8));
#93=CARTESIAN_POINT('',(-1.899999742568E0,1.93E0,1.809140448561E-8));
#95=CARTESIAN_POINT('',(-1.3E0,2.53E0,-2.891049838058E0));
#96=CARTESIAN_POINT('',(-1.3E0,2.488404054809E0,-2.891049838058E0));
#97=CARTESIAN_POINT('',(-1.308677526300E0,2.408139634735E0,-2.899727364357E0));
#98=CARTESIAN_POINT('',(-1.341927918458E0,2.301042052867E0,-2.932977756516E0));
#99=CARTESIAN_POINT('',(-1.389979591010E0,2.208684073127E0,-2.981029429068E0));
#100=CARTESIAN_POINT('',(-1.448804945647E0,2.130724315301E0,-3.039854783705E0));
#101=CARTESIAN_POINT('',(-1.515535259281E0,2.066409749256E0,-3.106585097339E0));
#102=CARTESIAN_POINT('',(-1.587985542559E0,2.015047900066E0,-3.179035380617E0));
#103=CARTESIAN_POINT('',(-1.664362659507E0,1.976065625439E0,-3.255412497565E0));
#104=CARTESIAN_POINT('',(-1.742982339970E0,1.948977393458E0,-3.334032178028E0));
#105=CARTESIAN_POINT('',(-1.822343912947E0,1.933282552432E0,-3.413393751005E0));
#106=CARTESIAN_POINT('',(-1.874299799172E0,1.93E0,-3.465349637230E0));
#107=CARTESIAN_POINT('',(-1.9E0,1.93E0,-3.491049838058E0));
#109=CARTESIAN_POINT('',(1.3E0,2.53E0,-3.491049838058E0));
#110=DIRECTION('',(-1.E0,0.E0,0.E0));
#111=DIRECTION('',(0.E0,0.E0,1.E0));
#112=AXIS2_PLACEMENT_3D('',#109,#110,#111);
#114=DIRECTION('',(-1.E0,0.E0,0.E0));
#115=VECTOR('',#114,2.6E0);
#116=CARTESIAN_POINT('',(1.3E0,2.582293445649E0,-2.893333019203E0));
#117=LINE('',#116,#115);
#118=DIRECTION('',(0.E0,9.961946980917E-1,-8.715574274766E-2));
#119=VECTOR('',#118,6.501806881648E-1);
#120=CARTESIAN_POINT('',(1.3E0,2.582293445649E0,-2.893333019203E0));
#121=LINE('',#120,#119);
#122=DIRECTION('',(0.E0,0.E0,1.E0));
#123=VECTOR('',#122,2.034161034013E0);
#124=CARTESIAN_POINT('',(1.3E0,2.53E0,-2.891049838058E0));
#125=LINE('',#124,#123);
#126=DIRECTION('',(0.E0,-5.735764363510E-1,8.191520442890E-1));
#127=VECTOR('',#126,1.220412756935E0);
#128=CARTESIAN_POINT('',(1.3E0,3.23E0,-1.856592408765E0));
#129=LINE('',#128,#127);
#130=DIRECTION('',(0.E0,0.E0,1.E0));
#131=VECTOR('',#130,1.093407591235E0);
#132=CARTESIAN_POINT('',(1.3E0,3.23E0,-2.95E0));
#133=LINE('',#132,#131);
#134=CARTESIAN_POINT('',(1.3E0,2.53E0,-2.891049838058E0));
#135=CARTESIAN_POINT('',(1.3E0,2.488404054809E0,-2.891049838058E0));
#136=CARTESIAN_POINT('',(1.308677526300E0,2.408139634735E0,-2.899727364357E0));
#137=CARTESIAN_POINT('',(1.341927918458E0,2.301042052867E0,-2.932977756516E0));
#138=CARTESIAN_POINT('',(1.389979591010E0,2.208684073127E0,-2.981029429068E0));
#139=CARTESIAN_POINT('',(1.448804945647E0,2.130724315301E0,-3.039854783705E0));
#140=CARTESIAN_POINT('',(1.515535259281E0,2.066409749256E0,-3.106585097339E0));
#141=CARTESIAN_POINT('',(1.587985542559E0,2.015047900066E0,-3.179035380617E0));
#142=CARTESIAN_POINT('',(1.664362659507E0,1.976065625439E0,-3.255412497565E0));
#143=CARTESIAN_POINT('',(1.742982339970E0,1.948977393458E0,-3.334032178028E0));
#144=CARTESIAN_POINT('',(1.822343912947E0,1.933282552432E0,-3.413393751005E0));
#145=CARTESIAN_POINT('',(1.874299799172E0,1.93E0,-3.465349637230E0));
#146=CARTESIAN_POINT('',(1.9E0,1.93E0,-3.491049838058E0));
#148=CARTESIAN_POINT('',(1.899999742570E0,1.93E0,1.809126877212E-8));
#149=CARTESIAN_POINT('',(1.870823029331E0,1.93E0,1.809126874128E-8));
#150=CARTESIAN_POINT('',(1.811933257797E0,1.934224858795E0,-6.033732063105E-3));
#151=CARTESIAN_POINT('',(1.721526229481E0,1.954511015288E0,-3.500535537729E-2));
#152=CARTESIAN_POINT('',(1.630392699231E0,1.990909931048E0,-8.698839721959E-2));
#153=CARTESIAN_POINT('',(1.544466846461E0,2.043146146545E0,-1.615894434975E-1));
#154=CARTESIAN_POINT('',(1.466823444853E0,2.110523721779E0,-2.578145934714E-1));
#155=CARTESIAN_POINT('',(1.400034237496E0,2.192521133773E0,-3.749190339134E-1));
#156=CARTESIAN_POINT('',(1.346628119485E0,2.289081707784E0,-5.128218252322E-1));
#157=CARTESIAN_POINT('',(1.309973645874E0,2.400410172716E0,-6.718153505149E-1));
#158=CARTESIAN_POINT('',(1.3E0,2.485090727481E0,-7.927517160124E-1));
#159=CARTESIAN_POINT('',(1.3E0,2.53E0,-8.568888040453E-1));
#161=DIRECTION('',(-1.E0,0.E0,3.571408090676E-14));
#162=VECTOR('',#161,3.799999485137E0);
#163=CARTESIAN_POINT('',(1.899999742570E0,1.93E0,1.809126877212E-8));
#164=LINE('',#163,#162);
#165=DIRECTION('',(1.E0,0.E0,0.E0));
#166=VECTOR('',#165,2.6E0);
#167=CARTESIAN_POINT('',(-1.3E0,3.23E0,-1.856592408765E0));
#168=LINE('',#167,#166);
#169=DIRECTION('',(0.E0,-1.E0,0.E0));
#170=VECTOR('',#169,2.62E0);
#171=CARTESIAN_POINT('',(-2.81E0,1.31E0,0.E0));
#172=LINE('',#171,#170);
#173=DIRECTION('',(1.E0,0.E0,0.E0));
#174=VECTOR('',#173,2.62E0);
#175=CARTESIAN_POINT('',(-2.81E0,-1.31E0,0.E0));
#176=LINE('',#175,#174);
#177=DIRECTION('',(0.E0,1.E0,0.E0));
#178=VECTOR('',#177,2.62E0);
#179=CARTESIAN_POINT('',(-1.9E-1,-1.31E0,0.E0));
#180=LINE('',#179,#178);
#181=DIRECTION('',(-1.E0,0.E0,0.E0));
#182=VECTOR('',#181,2.62E0);
#183=CARTESIAN_POINT('',(-1.9E-1,1.31E0,0.E0));
#184=LINE('',#183,#182);
#185=DIRECTION('',(1.E0,6.022958939534E-14,-1.130704116334E-8));
#186=VECTOR('',#185,1.600000257430E0);
#187=CARTESIAN_POINT('',(1.899999742570E0,1.93E0,1.809126877212E-8));
#188=LINE('',#187,#186);
#189=DIRECTION('',(1.E0,-6.022958939526E-14,1.130712598424E-8));
#190=VECTOR('',#189,1.600000257432E0);
#191=CARTESIAN_POINT('',(-3.5E0,1.93E0,0.E0));
#192=LINE('',#191,#190);
#193=DIRECTION('',(0.E0,-1.E0,0.E0));
#194=VECTOR('',#193,1.92E0);
#195=CARTESIAN_POINT('',(1.9E-1,1.31E0,0.E0));
#196=LINE('',#195,#194);
#197=DIRECTION('',(-7.071067811865E-1,7.071067811865E-1,0.E0));
#198=VECTOR('',#197,9.899494936612E-1);
#199=CARTESIAN_POINT('',(8.9E-1,-1.31E0,0.E0));
#200=LINE('',#199,#198);
#201=DIRECTION('',(1.E0,0.E0,0.E0));
#202=VECTOR('',#201,1.92E0);
#203=CARTESIAN_POINT('',(8.9E-1,-1.31E0,0.E0));
#204=LINE('',#203,#202);
#205=DIRECTION('',(0.E0,1.E0,0.E0));
#206=VECTOR('',#205,2.62E0);
#207=CARTESIAN_POINT('',(2.81E0,-1.31E0,0.E0));
#208=LINE('',#207,#206);
#209=DIRECTION('',(-1.E0,0.E0,0.E0));
#210=VECTOR('',#209,2.62E0);
#211=CARTESIAN_POINT('',(2.81E0,1.31E0,0.E0));
#212=LINE('',#211,#210);
#213=DIRECTION('',(0.E0,0.E0,-1.E0));
#214=VECTOR('',#213,6.35E0);
#215=CARTESIAN_POINT('',(-2.81E0,1.31E0,0.E0));
#216=LINE('',#215,#214);
#217=DIRECTION('',(0.E0,0.E0,-1.E0));
#218=VECTOR('',#217,6.35E0);
#219=CARTESIAN_POINT('',(-1.9E-1,1.31E0,0.E0));
#220=LINE('',#219,#218);
#221=DIRECTION('',(0.E0,0.E0,-1.E0));
#222=VECTOR('',#221,6.35E0);
#223=CARTESIAN_POINT('',(-1.9E-1,-1.31E0,0.E0));
#224=LINE('',#223,#222);
#225=DIRECTION('',(0.E0,0.E0,-1.E0));
#226=VECTOR('',#225,6.35E0);
#227=CARTESIAN_POINT('',(-2.81E0,-1.31E0,0.E0));
#228=LINE('',#227,#226);
#229=DIRECTION('',(0.E0,-1.E0,0.E0));
#230=VECTOR('',#229,2.62E0);
#231=CARTESIAN_POINT('',(-2.81E0,1.31E0,-6.35E0));
#232=LINE('',#231,#230);
#233=DIRECTION('',(-1.E0,0.E0,0.E0));
#234=VECTOR('',#233,2.62E0);
#235=CARTESIAN_POINT('',(-1.9E-1,1.31E0,-6.35E0));
#236=LINE('',#235,#234);
#237=DIRECTION('',(0.E0,1.E0,0.E0));
#238=VECTOR('',#237,2.62E0);
#239=CARTESIAN_POINT('',(-1.9E-1,-1.31E0,-6.35E0));
#240=LINE('',#239,#238);
#241=DIRECTION('',(1.E0,0.E0,0.E0));
#242=VECTOR('',#241,2.62E0);
#243=CARTESIAN_POINT('',(-2.81E0,-1.31E0,-6.35E0));
#244=LINE('',#243,#242);
#245=DIRECTION('',(0.E0,-1.E0,0.E0));
#246=VECTOR('',#245,6.4E-1);
#247=CARTESIAN_POINT('',(-1.18E0,3.2E-1,-6.35E0));
#248=LINE('',#247,#246);
#249=DIRECTION('',(1.E0,0.E0,0.E0));
#250=VECTOR('',#249,6.4E-1);
#251=CARTESIAN_POINT('',(-1.82E0,3.2E-1,-6.35E0));
#252=LINE('',#251,#250);
#253=DIRECTION('',(0.E0,-1.E0,0.E0));
#254=VECTOR('',#253,6.4E-1);
#255=CARTESIAN_POINT('',(-1.82E0,3.2E-1,-6.35E0));
#256=LINE('',#255,#254);
#257=DIRECTION('',(1.E0,0.E0,0.E0));
#258=VECTOR('',#257,6.4E-1);
#259=CARTESIAN_POINT('',(-1.82E0,-3.2E-1,-6.35E0));
#260=LINE('',#259,#258);
#261=DIRECTION('',(0.E0,7.071067811865E-1,7.071067811865E-1));
#262=VECTOR('',#261,6.505382386916E-1);
#263=CARTESIAN_POINT('',(-1.18E0,-1.29E0,-8.57E0));
#264=LINE('',#263,#262);
#265=DIRECTION('',(0.E0,0.E0,-1.E0));
#266=VECTOR('',#265,3.4E-1);
#267=CARTESIAN_POINT('',(-1.18E0,4.15E-1,-8.11E0));
#268=LINE('',#267,#266);
#269=DIRECTION('',(0.E0,-1.E0,0.E0));
#270=VECTOR('',#269,3.122077938642E-1);
#271=CARTESIAN_POINT('',(-1.18E0,4.15E-1,-8.45E0));
#272=LINE('',#271,#270);
#273=DIRECTION('',(0.E0,-7.071067811865E-1,-7.071067811865E-1));
#274=VECTOR('',#273,1.437401153702E0);
#275=CARTESIAN_POINT('',(-1.18E0,1.027922061358E-1,-8.45E0));
#276=LINE('',#275,#274);
#277=CARTESIAN_POINT('',(-1.18E0,-1.55E0,-8.83E0));
#278=DIRECTION('',(-1.E0,0.E0,0.E0));
#279=DIRECTION('',(0.E0,7.071067811865E-1,-7.071067811865E-1));
#280=AXIS2_PLACEMENT_3D('',#277,#278,#279);
#282=CARTESIAN_POINT('',(-1.18E0,-2.438200427831E0,-9.39E0));
#283=DIRECTION('',(1.E0,0.E0,0.E0));
#284=DIRECTION('',(0.E0,8.459051693633E-1,5.333333333333E-1));
#285=AXIS2_PLACEMENT_3D('',#282,#283,#284);
#287=DIRECTION('',(0.E0,-1.E0,0.E0));
#288=VECTOR('',#287,3.051799572169E0);
#289=CARTESIAN_POINT('',(-1.18E0,-2.438200427831E0,-9.24E0));
#290=LINE('',#289,#288);
#291=DIRECTION('',(0.E0,0.E0,1.E0));
#292=VECTOR('',#291,6.4E-1);
#293=CARTESIAN_POINT('',(-1.18E0,-5.49E0,-9.24E0));
#294=LINE('',#293,#292);
#295=DIRECTION('',(0.E0,1.E0,0.E0));
#296=VECTOR('',#295,3.163195401619E0);
#297=CARTESIAN_POINT('',(-1.18E0,-5.49E0,-8.6E0));
#298=LINE('',#297,#296);
#299=CARTESIAN_POINT('',(-1.18E0,-2.326804598381E0,-8.92E0));
#300=DIRECTION('',(-1.E0,0.E0,0.E0));
#301=DIRECTION('',(0.E0,0.E0,1.E0));
#302=AXIS2_PLACEMENT_3D('',#299,#300,#301);
#304=CARTESIAN_POINT('',(-1.18E0,-1.772548339959E0,-8.6E0));
#305=DIRECTION('',(1.E0,0.E0,0.E0));
#306=DIRECTION('',(0.E0,-8.660254037844E-1,-5.E-1));
#307=AXIS2_PLACEMENT_3D('',#304,#305,#306);
#309=DIRECTION('',(0.E0,0.E0,1.E0));
#310=VECTOR('',#309,4.15E0);
#311=CARTESIAN_POINT('',(-1.18E0,-3.2E-1,-6.35E0));
#312=LINE('',#311,#310);
#313=DIRECTION('',(0.E0,1.E0,0.E0));
#314=VECTOR('',#313,6.4E-1);
#315=CARTESIAN_POINT('',(-1.18E0,-3.2E-1,-2.2E0));
#316=LINE('',#315,#314);
#317=DIRECTION('',(0.E0,0.E0,-1.E0));
#318=VECTOR('',#317,4.15E0);
#319=CARTESIAN_POINT('',(-1.18E0,3.2E-1,-2.2E0));
#320=LINE('',#319,#318);
#321=DIRECTION('',(0.E0,0.E0,-1.E0));
#322=VECTOR('',#321,3.E-1);
#323=CARTESIAN_POINT('',(-1.18E0,-1.29E0,-8.57E0));
#324=LINE('',#323,#322);
#325=DIRECTION('',(1.E0,0.E0,0.E0));
#326=VECTOR('',#325,2.36E0);
#327=CARTESIAN_POINT('',(-1.18E0,-1.29E0,-8.87E0));
#328=LINE('',#327,#326);
#329=DIRECTION('',(0.E0,0.E0,-1.E0));
#330=VECTOR('',#329,3.E-1);
#331=CARTESIAN_POINT('',(1.18E0,-1.29E0,-8.57E0));
#332=LINE('',#331,#330);
#333=DIRECTION('',(1.E0,0.E0,0.E0));
#334=VECTOR('',#333,6.4E-1);
#335=CARTESIAN_POINT('',(1.18E0,-1.29E0,-8.57E0));
#336=LINE('',#335,#334);
#337=DIRECTION('',(0.E0,0.E0,-1.E0));
#338=VECTOR('',#337,3.E-1);
#339=CARTESIAN_POINT('',(1.82E0,-1.29E0,-8.57E0));
#340=LINE('',#339,#338);
#341=DIRECTION('',(1.E0,0.E0,0.E0));
#342=VECTOR('',#341,2.15E-1);
#343=CARTESIAN_POINT('',(1.82E0,-1.29E0,-8.87E0));
#344=LINE('',#343,#342);
#345=DIRECTION('',(0.E0,0.E0,1.E0));
#346=VECTOR('',#345,3.7E-1);
#347=CARTESIAN_POINT('',(2.035E0,-1.29E0,-9.24E0));
#348=LINE('',#347,#346);
#349=DIRECTION('',(1.E0,0.E0,0.E0));
#350=VECTOR('',#349,1.465E0);
#351=CARTESIAN_POINT('',(2.035E0,-1.29E0,-9.24E0));
#352=LINE('',#351,#350);
#353=DIRECTION('',(1.E0,0.E0,0.E0));
#354=VECTOR('',#353,1.465E0);
#355=CARTESIAN_POINT('',(-3.5E0,-1.29E0,-9.24E0));
#356=LINE('',#355,#354);
#357=DIRECTION('',(0.E0,0.E0,1.E0));
#358=VECTOR('',#357,3.7E-1);
#359=CARTESIAN_POINT('',(-2.035E0,-1.29E0,-9.24E0));
#360=LINE('',#359,#358);
#361=DIRECTION('',(1.E0,0.E0,0.E0));
#362=VECTOR('',#361,2.15E-1);
#363=CARTESIAN_POINT('',(-2.035E0,-1.29E0,-8.87E0));
#364=LINE('',#363,#362);
#365=DIRECTION('',(0.E0,0.E0,-1.E0));
#366=VECTOR('',#365,3.E-1);
#367=CARTESIAN_POINT('',(-1.82E0,-1.29E0,-8.57E0));
#368=LINE('',#367,#366);
#369=DIRECTION('',(1.E0,0.E0,0.E0));
#370=VECTOR('',#369,6.4E-1);
#371=CARTESIAN_POINT('',(-1.82E0,-1.29E0,-8.57E0));
#372=LINE('',#371,#370);
#373=DIRECTION('',(0.E0,-1.E0,0.E0));
#374=VECTOR('',#373,6.4E-1);
#375=CARTESIAN_POINT('',(-2.035E0,1.93E0,-8.87E0));
#376=LINE('',#375,#374);
#377=DIRECTION('',(0.E0,-1.E0,0.E0));
#378=VECTOR('',#377,3.107926995862E-1);
#379=CARTESIAN_POINT('',(-1.18E0,-1.29E0,-8.87E0));
#380=LINE('',#379,#378);
#381=DIRECTION('',(-1.E0,0.E0,0.E0));
#382=VECTOR('',#381,6.4E-1);
#383=CARTESIAN_POINT('',(-1.18E0,-1.600792699586E0,-8.87E0));
#384=LINE('',#383,#382);
#385=DIRECTION('',(0.E0,-1.E0,0.E0));
#386=VECTOR('',#385,3.107926995862E-1);
#387=CARTESIAN_POINT('',(-1.82E0,-1.29E0,-8.87E0));
#388=LINE('',#387,#386);
#389=DIRECTION('',(0.E0,-1.E0,0.E0));
#390=VECTOR('',#389,6.4E-1);
#391=CARTESIAN_POINT('',(-2.035E0,-1.29E0,-8.87E0));
#392=LINE('',#391,#390);
#393=DIRECTION('',(0.E0,-1.E0,0.E0));
#394=VECTOR('',#393,3.107926995862E-1);
#395=CARTESIAN_POINT('',(1.82E0,-1.29E0,-8.87E0));
#396=LINE('',#395,#394);
#397=DIRECTION('',(-1.E0,0.E0,0.E0));
#398=VECTOR('',#397,6.4E-1);
#399=CARTESIAN_POINT('',(1.82E0,-1.600792699586E0,-8.87E0));
#400=LINE('',#399,#398);
#401=DIRECTION('',(0.E0,-1.E0,0.E0));
#402=VECTOR('',#401,3.107926995862E-1);
#403=CARTESIAN_POINT('',(1.18E0,-1.29E0,-8.87E0));
#404=LINE('',#403,#402);
#405=DIRECTION('',(0.E0,1.E0,0.E0));
#406=VECTOR('',#405,6.4E-1);
#407=CARTESIAN_POINT('',(-2.035E0,1.29E0,-9.24E0));
#408=LINE('',#407,#406);
#409=DIRECTION('',(1.E0,0.E0,0.E0));
#410=VECTOR('',#409,1.465E0);
#411=CARTESIAN_POINT('',(-3.5E0,1.29E0,-9.24E0));
#412=LINE('',#411,#410);
#413=DIRECTION('',(0.E0,1.E0,0.E0));
#414=VECTOR('',#413,6.4E-1);
#415=CARTESIAN_POINT('',(2.035E0,1.29E0,-9.24E0));
#416=LINE('',#415,#414);
#417=DIRECTION('',(1.E0,0.E0,0.E0));
#418=VECTOR('',#417,1.465E0);
#419=CARTESIAN_POINT('',(2.035E0,1.29E0,-9.24E0));
#420=LINE('',#419,#418);
#421=DIRECTION('',(0.E0,0.E0,1.E0));
#422=VECTOR('',#421,3.7E-1);
#423=CARTESIAN_POINT('',(-2.035E0,1.29E0,-9.24E0));
#424=LINE('',#423,#422);
#425=DIRECTION('',(1.E0,0.E0,0.E0));
#426=VECTOR('',#425,7.E0);
#427=CARTESIAN_POINT('',(-3.5E0,1.29E0,-8.11E0));
#428=LINE('',#427,#426);
#429=DIRECTION('',(0.E0,0.E0,1.E0));
#430=VECTOR('',#429,3.7E-1);
#431=CARTESIAN_POINT('',(2.035E0,1.29E0,-9.24E0));
#432=LINE('',#431,#430);
#433=DIRECTION('',(1.E0,0.E0,0.E0));
#434=VECTOR('',#433,4.07E0);
#435=CARTESIAN_POINT('',(-2.035E0,1.29E0,-8.87E0));
#436=LINE('',#435,#434);
#437=DIRECTION('',(1.E0,0.E0,0.E0));
#438=VECTOR('',#437,7.E0);
#439=CARTESIAN_POINT('',(-3.5E0,-1.29E0,-8.11E0));
#440=LINE('',#439,#438);
#441=DIRECTION('',(0.E0,-1.E0,0.E0));
#442=VECTOR('',#441,1.245E0);
#443=CARTESIAN_POINT('',(1.82E0,4.15E-1,-8.11E0));
#444=LINE('',#443,#442);
#445=DIRECTION('',(1.E0,0.E0,0.E0));
#446=VECTOR('',#445,6.4E-1);
#447=CARTESIAN_POINT('',(1.18E0,-8.3E-1,-8.11E0));
#448=LINE('',#447,#446);
#449=DIRECTION('',(0.E0,1.E0,0.E0));
#450=VECTOR('',#449,1.245E0);
#451=CARTESIAN_POINT('',(1.18E0,-8.3E-1,-8.11E0));
#452=LINE('',#451,#450);
#453=DIRECTION('',(1.E0,0.E0,0.E0));
#454=VECTOR('',#453,6.4E-1);
#455=CARTESIAN_POINT('',(1.18E0,4.15E-1,-8.11E0));
#456=LINE('',#455,#454);
#457=DIRECTION('',(0.E0,-1.E0,0.E0));
#458=VECTOR('',#457,1.245E0);
#459=CARTESIAN_POINT('',(-1.18E0,4.15E-1,-8.11E0));
#460=LINE('',#459,#458);
#461=DIRECTION('',(1.E0,0.E0,0.E0));
#462=VECTOR('',#461,6.4E-1);
#463=CARTESIAN_POINT('',(-1.82E0,-8.3E-1,-8.11E0));
#464=LINE('',#463,#462);
#465=DIRECTION('',(0.E0,-1.E0,0.E0));
#466=VECTOR('',#465,1.245E0);
#467=CARTESIAN_POINT('',(-1.82E0,4.15E-1,-8.11E0));
#468=LINE('',#467,#466);
#469=DIRECTION('',(1.E0,0.E0,0.E0));
#470=VECTOR('',#469,6.4E-1);
#471=CARTESIAN_POINT('',(-1.82E0,4.15E-1,-8.11E0));
#472=LINE('',#471,#470);
#473=DIRECTION('',(0.E0,0.E0,1.E0));
#474=VECTOR('',#473,9.24E0);
#475=CARTESIAN_POINT('',(3.5E0,1.93E0,-9.24E0));
#476=LINE('',#475,#474);
#477=DIRECTION('',(0.E0,1.E0,0.E0));
#478=VECTOR('',#477,6.4E-1);
#479=CARTESIAN_POINT('',(3.5E0,1.29E0,-9.24E0));
#480=LINE('',#479,#478);
#481=DIRECTION('',(0.E0,0.E0,-1.E0));
#482=VECTOR('',#481,1.13E0);
#483=CARTESIAN_POINT('',(3.5E0,1.29E0,-8.11E0));
#484=LINE('',#483,#482);
#485=DIRECTION('',(0.E0,1.E0,0.E0));
#486=VECTOR('',#485,2.58E0);
#487=CARTESIAN_POINT('',(3.5E0,-1.29E0,-8.11E0));
#488=LINE('',#487,#486);
#489=DIRECTION('',(0.E0,0.E0,1.E0));
#490=VECTOR('',#489,1.13E0);
#491=CARTESIAN_POINT('',(3.5E0,-1.29E0,-9.24E0));
#492=LINE('',#491,#490);
#493=DIRECTION('',(0.E0,1.E0,0.E0));
#494=VECTOR('',#493,6.4E-1);
#495=CARTESIAN_POINT('',(3.5E0,-1.93E0,-9.24E0));
#496=LINE('',#495,#494);
#497=DIRECTION('',(0.E0,0.E0,-1.E0));
#498=VECTOR('',#497,9.24E0);
#499=CARTESIAN_POINT('',(3.5E0,-1.93E0,0.E0));
#500=LINE('',#499,#498);
#501=DIRECTION('',(0.E0,-1.E0,0.E0));
#502=VECTOR('',#501,3.86E0);
#503=CARTESIAN_POINT('',(3.5E0,1.93E0,0.E0));
#504=LINE('',#503,#502);
#505=DIRECTION('',(0.E0,0.E0,-1.E0));
#506=VECTOR('',#505,2.E0);
#507=CARTESIAN_POINT('',(3.5E0,-5.E-1,-3.05E0));
#508=LINE('',#507,#506);
#509=DIRECTION('',(0.E0,1.E0,0.E0));
#510=VECTOR('',#509,1.E0);
#511=CARTESIAN_POINT('',(3.5E0,-5.E-1,-5.05E0));
#512=LINE('',#511,#510);
#513=DIRECTION('',(0.E0,0.E0,-1.E0));
#514=VECTOR('',#513,2.E0);
#515=CARTESIAN_POINT('',(3.5E0,5.E-1,-3.05E0));
#516=LINE('',#515,#514);
#517=DIRECTION('',(0.E0,1.E0,0.E0));
#518=VECTOR('',#517,1.E0);
#519=CARTESIAN_POINT('',(3.5E0,-5.E-1,-3.05E0));
#520=LINE('',#519,#518);
#521=DIRECTION('',(0.E0,1.E0,0.E0));
#522=VECTOR('',#521,6.4E-1);
#523=CARTESIAN_POINT('',(-2.035E0,-1.93E0,-9.24E0));
#524=LINE('',#523,#522);
#525=DIRECTION('',(1.E0,0.E0,0.E0));
#526=VECTOR('',#525,1.465E0);
#527=CARTESIAN_POINT('',(-3.5E0,-1.93E0,-9.24E0));
#528=LINE('',#527,#526);
#529=DIRECTION('',(0.E0,1.E0,0.E0));
#530=VECTOR('',#529,6.4E-1);
#531=CARTESIAN_POINT('',(2.035E0,-1.93E0,-9.24E0));
#532=LINE('',#531,#530);
#533=DIRECTION('',(1.E0,0.E0,0.E0));
#534=VECTOR('',#533,1.465E0);
#535=CARTESIAN_POINT('',(2.035E0,-1.93E0,-9.24E0));
#536=LINE('',#535,#534);
#537=DIRECTION('',(0.E0,0.E0,1.E0));
#538=VECTOR('',#537,3.7E-1);
#539=CARTESIAN_POINT('',(-2.035E0,-1.93E0,-9.24E0));
#540=LINE('',#539,#538);
#541=DIRECTION('',(1.E0,0.E0,0.E0));
#542=VECTOR('',#541,7.E0);
#543=CARTESIAN_POINT('',(-3.5E0,-1.93E0,0.E0));
#544=LINE('',#543,#542);
#545=DIRECTION('',(0.E0,0.E0,1.E0));
#546=VECTOR('',#545,3.7E-1);
#547=CARTESIAN_POINT('',(2.035E0,-1.93E0,-9.24E0));
#548=LINE('',#547,#546);
#549=DIRECTION('',(1.E0,0.E0,0.E0));
#550=VECTOR('',#549,4.07E0);
#551=CARTESIAN_POINT('',(-2.035E0,-1.93E0,-8.87E0));
#552=LINE('',#551,#550);
#553=DIRECTION('',(0.E0,0.E0,-1.E0));
#554=VECTOR('',#553,6.4E0);
#555=CARTESIAN_POINT('',(2.5E-1,-1.93E0,-1.4E0));
#556=LINE('',#555,#554);
#557=DIRECTION('',(0.E0,0.E0,1.E0));
#558=VECTOR('',#557,6.4E0);
#559=CARTESIAN_POINT('',(1.9E0,-1.93E0,-7.8E0));
#560=LINE('',#559,#558);
#561=DIRECTION('',(0.E0,0.E0,1.E0));
#562=VECTOR('',#561,6.4E0);
#563=CARTESIAN_POINT('',(-2.5E-1,-1.93E0,-7.8E0));
#564=LINE('',#563,#562);
#565=DIRECTION('',(0.E0,0.E0,-1.E0));
#566=VECTOR('',#565,6.4E0);
#567=CARTESIAN_POINT('',(-1.9E0,-1.93E0,-1.4E0));
#568=LINE('',#567,#566);
#569=DIRECTION('',(0.E0,-1.E0,0.E0));
#570=VECTOR('',#569,6.4E-1);
#571=CARTESIAN_POINT('',(2.035E0,1.93E0,-8.87E0));
#572=LINE('',#571,#570);
#573=DIRECTION('',(0.E0,-1.E0,0.E0));
#574=VECTOR('',#573,6.4E-1);
#575=CARTESIAN_POINT('',(2.035E0,-1.29E0,-8.87E0));
#576=LINE('',#575,#574);
#577=CARTESIAN_POINT('',(2.5E-1,-2.13E0,-1.4E0));
#578=DIRECTION('',(0.E0,0.E0,-1.E0));
#579=DIRECTION('',(0.E0,1.E0,0.E0));
#580=AXIS2_PLACEMENT_3D('',#577,#578,#579);
#582=CARTESIAN_POINT('',(2.5E-1,-2.13E0,-7.8E0));
#583=DIRECTION('',(0.E0,0.E0,1.E0));
#584=DIRECTION('',(1.E0,0.E0,0.E0));
#585=AXIS2_PLACEMENT_3D('',#582,#583,#584);
#587=DIRECTION('',(1.E0,0.E0,0.E0));
#588=VECTOR('',#587,1.65E0);
#589=CARTESIAN_POINT('',(2.5E-1,-1.93E0,-1.4E0));
#590=LINE('',#589,#588);
#591=DIRECTION('',(0.E0,1.E0,0.E0));
#592=VECTOR('',#591,3.1E-1);
#593=CARTESIAN_POINT('',(1.7E0,-2.44E0,-1.4E0));
#594=LINE('',#593,#592);
#595=DIRECTION('',(1.E0,0.E0,0.E0));
#596=VECTOR('',#595,1.25E0);
#597=CARTESIAN_POINT('',(4.5E-1,-2.44E0,-1.4E0));
#598=LINE('',#597,#596);
#599=DIRECTION('',(0.E0,-1.E0,0.E0));
#600=VECTOR('',#599,3.1E-1);
#601=CARTESIAN_POINT('',(4.5E-1,-2.13E0,-1.4E0));
#602=LINE('',#601,#600);
#603=DIRECTION('',(1.E0,0.E0,0.E0));
#604=VECTOR('',#603,1.65E0);
#605=CARTESIAN_POINT('',(-1.9E0,-1.93E0,-1.4E0));
#606=LINE('',#605,#604);
#607=DIRECTION('',(0.E0,1.E0,0.E0));
#608=VECTOR('',#607,3.1E-1);
#609=CARTESIAN_POINT('',(-4.5E-1,-2.44E0,-1.4E0));
#610=LINE('',#609,#608);
#611=DIRECTION('',(1.E0,0.E0,0.E0));
#612=VECTOR('',#611,1.25E0);
#613=CARTESIAN_POINT('',(-1.7E0,-2.44E0,-1.4E0));
#614=LINE('',#613,#612);
#615=DIRECTION('',(0.E0,-1.E0,0.E0));
#616=VECTOR('',#615,3.1E-1);
#617=CARTESIAN_POINT('',(-1.7E0,-2.13E0,-1.4E0));
#618=LINE('',#617,#616);
#619=CARTESIAN_POINT('',(1.9E0,-2.13E0,-7.8E0));
#620=DIRECTION('',(0.E0,0.E0,1.E0));
#621=DIRECTION('',(0.E0,1.E0,0.E0));
#622=AXIS2_PLACEMENT_3D('',#619,#620,#621);
#624=CARTESIAN_POINT('',(1.9E0,-2.13E0,-1.4E0));
#625=DIRECTION('',(0.E0,0.E0,-1.E0));
#626=DIRECTION('',(-1.E0,0.E0,0.E0));
#627=AXIS2_PLACEMENT_3D('',#624,#625,#626);
#629=DIRECTION('',(0.E0,1.E0,0.E0));
#630=VECTOR('',#629,3.1E-1);
#631=CARTESIAN_POINT('',(1.7E0,-2.44E0,-7.8E0));
#632=LINE('',#631,#630);
#633=DIRECTION('',(-1.E0,0.E0,0.E0));
#634=VECTOR('',#633,1.65E0);
#635=CARTESIAN_POINT('',(1.9E0,-1.93E0,-7.8E0));
#636=LINE('',#635,#634);
#637=DIRECTION('',(0.E0,-1.E0,0.E0));
#638=VECTOR('',#637,3.1E-1);
#639=CARTESIAN_POINT('',(4.5E-1,-2.13E0,-7.8E0));
#640=LINE('',#639,#638);
#641=DIRECTION('',(1.E0,0.E0,0.E0));
#642=VECTOR('',#641,1.25E0);
#643=CARTESIAN_POINT('',(4.5E-1,-2.44E0,-7.8E0));
#644=LINE('',#643,#642);
#645=DIRECTION('',(0.E0,1.E0,0.E0));
#646=VECTOR('',#645,3.1E-1);
#647=CARTESIAN_POINT('',(-4.5E-1,-2.44E0,-7.8E0));
#648=LINE('',#647,#646);
#649=DIRECTION('',(-1.E0,0.E0,0.E0));
#650=VECTOR('',#649,1.65E0);
#651=CARTESIAN_POINT('',(-2.5E-1,-1.93E0,-7.8E0));
#652=LINE('',#651,#650);
#653=DIRECTION('',(0.E0,-1.E0,0.E0));
#654=VECTOR('',#653,3.1E-1);
#655=CARTESIAN_POINT('',(-1.7E0,-2.13E0,-7.8E0));
#656=LINE('',#655,#654);
#657=DIRECTION('',(1.E0,0.E0,0.E0));
#658=VECTOR('',#657,1.25E0);
#659=CARTESIAN_POINT('',(-1.7E0,-2.44E0,-7.8E0));
#660=LINE('',#659,#658);
#661=DIRECTION('',(0.E0,0.E0,1.E0));
#662=VECTOR('',#661,6.4E0);
#663=CARTESIAN_POINT('',(1.7E0,-2.13E0,-7.8E0));
#664=LINE('',#663,#662);
#665=CARTESIAN_POINT('',(4.5E-1,-2.44E0,-4.6E0));
#666=DIRECTION('',(0.E0,-1.E0,0.E0));
#667=DIRECTION('',(0.E0,0.E0,-1.E0));
#668=AXIS2_PLACEMENT_3D('',#665,#666,#667);
#670=DIRECTION('',(-5.117899509288E-12,0.E0,1.E0));
#671=VECTOR('',#670,3.200012797386E0);
#672=CARTESIAN_POINT('',(1.7E0,-2.44E0,-7.8E0));
#673=LINE('',#672,#671);
#674=DIRECTION('',(5.117871055069E-12,0.E0,1.E0));
#675=VECTOR('',#674,3.199987202614E0);
#676=CARTESIAN_POINT('',(1.699999999984E0,-2.44E0,-4.599987202614E0));
#677=LINE('',#676,#675);
#678=CARTESIAN_POINT('',(4.5E-1,-2.44E0,-4.6E0));
#679=DIRECTION('',(0.E0,-1.E0,0.E0));
#680=DIRECTION('',(9.999999999476E-1,0.E0,1.023790858241E-5));
#681=AXIS2_PLACEMENT_3D('',#678,#679,#680);
#683=CARTESIAN_POINT('',(4.5E-1,-2.69E0,-5.85E0));
#684=DIRECTION('',(1.E0,0.E0,0.E0));
#685=DIRECTION('',(0.E0,1.E0,0.E0));
#686=AXIS2_PLACEMENT_3D('',#683,#684,#685);
#688=CARTESIAN_POINT('',(4.5E-1,-2.69E0,-3.35E0));
#689=DIRECTION('',(1.E0,0.E0,0.E0));
#690=DIRECTION('',(0.E0,0.E0,-1.E0));
#691=AXIS2_PLACEMENT_3D('',#688,#689,#690);
#693=DIRECTION('',(0.E0,0.E0,1.E0));
#694=VECTOR('',#693,1.950000000002E0);
#695=CARTESIAN_POINT('',(4.5E-1,-2.44E0,-3.350000000002E0));
#696=LINE('',#695,#694);
#697=DIRECTION('',(0.E0,-1.E0,0.E0));
#698=VECTOR('',#697,1.55E0);
#699=CARTESIAN_POINT('',(4.5E-1,-2.69E0,-3.6E0));
#700=LINE('',#699,#698);
#701=DIRECTION('',(-1.554312234475E-14,0.E0,1.E0));
#702=VECTOR('',#701,2.5E-2);
#703=CARTESIAN_POINT('',(4.5E-1,-4.24E0,-3.6E0));
#704=LINE('',#703,#702);
#705=DIRECTION('',(0.E0,1.E0,0.E0));
#706=VECTOR('',#705,8.054184415780E-1);
#707=CARTESIAN_POINT('',(4.5E-1,-5.045418441578E0,-3.575E0));
#708=LINE('',#707,#706);
#709=DIRECTION('',(0.E0,7.431448254774E-1,6.691306063589E-1));
#710=VECTOR('',#709,1.128188814549E0);
#711=CARTESIAN_POINT('',(4.5E-1,-5.883826121272E0,-4.329905665567E0));
#712=LINE('',#711,#710);
#713=CARTESIAN_POINT('',(4.5E-1,-5.75E0,-4.478534630662E0));
#714=DIRECTION('',(-1.E0,0.E0,0.E0));
#715=DIRECTION('',(0.E0,-1.E0,0.E0));
#716=AXIS2_PLACEMENT_3D('',#713,#714,#715);
#718=DIRECTION('',(0.E0,0.E0,-1.E0));
#719=VECTOR('',#718,2.429307386758E-1);
#720=CARTESIAN_POINT('',(4.5E-1,-5.95E0,-4.478534630662E0));
#721=LINE('',#720,#719);
#722=CARTESIAN_POINT('',(4.5E-1,-5.75E0,-4.721465369338E0));
#723=DIRECTION('',(1.E0,0.E0,0.E0));
#724=DIRECTION('',(0.E0,-1.E0,0.E0));
#725=AXIS2_PLACEMENT_3D('',#722,#723,#724);
#727=DIRECTION('',(0.E0,7.431448254774E-1,-6.691306063589E-1));
#728=VECTOR('',#727,1.128188814549E0);
#729=CARTESIAN_POINT('',(4.5E-1,-5.883826121272E0,-4.870094334433E0));
#730=LINE('',#729,#728);
#731=DIRECTION('',(0.E0,1.E0,0.E0));
#732=VECTOR('',#731,8.054184415780E-1);
#733=CARTESIAN_POINT('',(4.5E-1,-5.045418441578E0,-5.625E0));
#734=LINE('',#733,#732);
#735=DIRECTION('',(1.110223024625E-14,0.E0,1.E0));
#736=VECTOR('',#735,2.5E-2);
#737=CARTESIAN_POINT('',(4.5E-1,-4.24E0,-5.625E0));
#738=LINE('',#737,#736);
#739=DIRECTION('',(0.E0,0.E0,1.E0));
#740=VECTOR('',#739,1.950000000002E0);
#741=CARTESIAN_POINT('',(4.5E-1,-2.44E0,-7.8E0));
#742=LINE('',#741,#740);
#743=DIRECTION('',(0.E0,0.E0,-1.E0));
#744=VECTOR('',#743,6.4E0);
#745=CARTESIAN_POINT('',(4.5E-1,-2.13E0,-1.4E0));
#746=LINE('',#745,#744);
#747=CARTESIAN_POINT('',(4.5E-1,-2.69E0,-4.6E0));
#748=DIRECTION('',(0.E0,-1.E0,0.E0));
#749=DIRECTION('',(0.E0,0.E0,-1.E0));
#750=AXIS2_PLACEMENT_3D('',#747,#748,#749);
#752=DIRECTION('',(0.E0,-1.E0,0.E0));
#753=VECTOR('',#752,1.55E0);
#754=CARTESIAN_POINT('',(4.5E-1,-2.69E0,-5.6E0));
#755=LINE('',#754,#753);
#756=CARTESIAN_POINT('',(4.5E-1,-4.24E0,-4.6E0));
#757=DIRECTION('',(0.E0,-1.E0,0.E0));
#758=DIRECTION('',(0.E0,0.E0,-1.E0));
#759=AXIS2_PLACEMENT_3D('',#756,#757,#758);
#761=DIRECTION('',(-1.E0,0.E0,0.E0));
#762=VECTOR('',#761,7.996092795860E-1);
#763=CARTESIAN_POINT('',(1.249609279586E0,-4.24E0,-3.575E0));
#764=LINE('',#763,#762);
#765=DIRECTION('',(-1.E0,0.E0,0.E0));
#766=VECTOR('',#765,7.996092795860E-1);
#767=CARTESIAN_POINT('',(1.249609279586E0,-4.24E0,-5.625E0));
#768=LINE('',#767,#766);
#769=CARTESIAN_POINT('',(4.5E-1,-4.24E0,-4.6E0));
#770=DIRECTION('',(0.E0,-1.E0,0.E0));
#771=DIRECTION('',(6.150840612200E-1,0.E0,-7.884615384615E-1));
#772=AXIS2_PLACEMENT_3D('',#769,#770,#771);
#774=DIRECTION('',(0.E0,-1.E0,0.E0));
#775=VECTOR('',#774,5.E-1);
#776=CARTESIAN_POINT('',(1.249609279586E0,-4.24E0,-3.575E0));
#777=LINE('',#776,#775);
#778=DIRECTION('',(0.E0,-1.E0,0.E0));
#779=VECTOR('',#778,5.E-1);
#780=CARTESIAN_POINT('',(1.249609279586E0,-4.24E0,-5.625E0));
#781=LINE('',#780,#779);
#782=CARTESIAN_POINT('',(4.5E-1,-4.74E0,-4.6E0));
#783=DIRECTION('',(0.E0,-1.E0,0.E0));
#784=DIRECTION('',(6.150840612200E-1,0.E0,-7.884615384615E-1));
#785=AXIS2_PLACEMENT_3D('',#782,#783,#784);
#787=CARTESIAN_POINT('',(1.249609279586E0,-4.74E0,-3.575E0));
#788=CARTESIAN_POINT('',(1.187715365987E0,-4.782280973728E0,-3.575E0));
#789=CARTESIAN_POINT('',(1.068001492185E0,-4.857939365735E0,-3.575E0));
#790=CARTESIAN_POINT('',(9.003919749344E-1,-4.944000565280E0,-3.575E0));
#791=CARTESIAN_POINT('',(7.443619025297E-1,-5.003080652936E0,-3.575E0));
#792=CARTESIAN_POINT('',(5.961108515041E-1,-5.037718771327E0,-3.575E0));
#793=CARTESIAN_POINT('',(4.983016532427E-1,-5.045418441578E0,-3.575E0));
#794=CARTESIAN_POINT('',(4.5E-1,-5.045418441578E0,-3.575E0));
#796=CARTESIAN_POINT('',(4.5E-1,-5.045418441578E0,-5.625E0));
#797=CARTESIAN_POINT('',(4.989553900383E-1,-5.045418441578E0,-5.625E0));
#798=CARTESIAN_POINT('',(5.978087623194E-1,-5.037522726611E0,-5.625E0));
#799=CARTESIAN_POINT('',(7.471641788581E-1,-5.002231614256E0,-5.625E0));
#800=CARTESIAN_POINT('',(9.028522103773E-1,-4.942843761899E0,-5.625E0));
#801=CARTESIAN_POINT('',(1.069199326643E0,-4.857196274723E0,-5.625E0));
#802=CARTESIAN_POINT('',(1.188142385895E0,-4.781989267864E0,-5.625E0));
#803=CARTESIAN_POINT('',(1.249609279586E0,-4.74E0,-5.625E0));
#805=CARTESIAN_POINT('',(4.5E-1,-5.883826121272E0,-4.6E0));
#806=DIRECTION('',(0.E0,-1.E0,0.E0));
#807=DIRECTION('',(0.E0,0.E0,-1.E0));
#808=AXIS2_PLACEMENT_3D('',#805,#806,#807);
#810=CARTESIAN_POINT('',(4.5E-1,-5.95E0,-4.6E0));
#811=DIRECTION('',(0.E0,-1.E0,0.E0));
#812=DIRECTION('',(0.E0,0.E0,-1.E0));
#813=AXIS2_PLACEMENT_3D('',#810,#811,#812);
#815=DIRECTION('',(0.E0,-1.E0,0.E0));
#816=VECTOR('',#815,1.55E0);
#817=CARTESIAN_POINT('',(-4.5E-1,-2.69E0,-5.6E0));
#818=LINE('',#817,#816);
#819=DIRECTION('',(0.E0,-3.552713678800E-14,-1.E0));
#820=VECTOR('',#819,2.5E-2);
#821=CARTESIAN_POINT('',(-4.5E-1,-4.24E0,-5.6E0));
#822=LINE('',#821,#820);
#823=DIRECTION('',(0.E0,1.E0,0.E0));
#824=VECTOR('',#823,8.054184415780E-1);
#825=CARTESIAN_POINT('',(-4.5E-1,-5.045418441578E0,-5.625E0));
#826=LINE('',#825,#824);
#827=DIRECTION('',(0.E0,-7.431448254774E-1,6.691306063589E-1));
#828=VECTOR('',#827,1.128188814549E0);
#829=CARTESIAN_POINT('',(-4.5E-1,-5.045418441578E0,-5.625E0));
#830=LINE('',#829,#828);
#831=CARTESIAN_POINT('',(-4.5E-1,-5.75E0,-4.721465369338E0));
#832=DIRECTION('',(-1.E0,0.E0,0.E0));
#833=DIRECTION('',(0.E0,-6.691306063589E-1,-7.431448254774E-1));
#834=AXIS2_PLACEMENT_3D('',#831,#832,#833);
#836=DIRECTION('',(0.E0,0.E0,1.E0));
#837=VECTOR('',#836,2.429307386758E-1);
#838=CARTESIAN_POINT('',(-4.5E-1,-5.95E0,-4.721465369338E0));
#839=LINE('',#838,#837);
#840=CARTESIAN_POINT('',(-4.5E-1,-5.75E0,-4.478534630662E0));
#841=DIRECTION('',(1.E0,0.E0,0.E0));
#842=DIRECTION('',(0.E0,-6.691306063589E-1,7.431448254774E-1));
#843=AXIS2_PLACEMENT_3D('',#840,#841,#842);
#845=DIRECTION('',(0.E0,-7.431448254774E-1,-6.691306063589E-1));
#846=VECTOR('',#845,1.128188814549E0);
#847=CARTESIAN_POINT('',(-4.5E-1,-5.045418441578E0,-3.575E0));
#848=LINE('',#847,#846);
#849=DIRECTION('',(0.E0,1.E0,0.E0));
#850=VECTOR('',#849,8.054184415780E-1);
#851=CARTESIAN_POINT('',(-4.5E-1,-5.045418441578E0,-3.575E0));
#852=LINE('',#851,#850);
#853=DIRECTION('',(0.E0,3.552713678800E-14,-1.E0));
#854=VECTOR('',#853,2.5E-2);
#855=CARTESIAN_POINT('',(-4.5E-1,-4.24E0,-3.575E0));
#856=LINE('',#855,#854);
#857=DIRECTION('',(0.E0,0.E0,1.E0));
#858=VECTOR('',#857,6.4E0);
#859=CARTESIAN_POINT('',(-4.5E-1,-2.13E0,-7.8E0));
#860=LINE('',#859,#858);
#861=CARTESIAN_POINT('',(-4.5E-1,-2.44E0,-4.6E0));
#862=DIRECTION('',(0.E0,-1.E0,0.E0));
#863=DIRECTION('',(0.E0,0.E0,1.E0));
#864=AXIS2_PLACEMENT_3D('',#861,#862,#863);
#866=DIRECTION('',(0.E0,0.E0,1.E0));
#867=VECTOR('',#866,1.950000000002E0);
#868=CARTESIAN_POINT('',(-4.5E-1,-2.44E0,-3.350000000002E0));
#869=LINE('',#868,#867);
#870=CARTESIAN_POINT('',(-4.5E-1,-2.44E0,-4.6E0));
#871=DIRECTION('',(0.E0,-1.E0,0.E0));
#872=DIRECTION('',(-9.999999999472E-1,0.E0,-1.028010672073E-5));
#873=AXIS2_PLACEMENT_3D('',#870,#871,#872);
#875=DIRECTION('',(0.E0,0.E0,1.E0));
#876=VECTOR('',#875,1.950000000002E0);
#877=CARTESIAN_POINT('',(-4.5E-1,-2.44E0,-7.8E0));
#878=LINE('',#877,#876);
#879=CARTESIAN_POINT('',(-4.5E-1,-2.69E0,-3.35E0));
#880=DIRECTION('',(-1.E0,0.E0,0.E0));
#881=DIRECTION('',(0.E0,1.E0,0.E0));
#882=AXIS2_PLACEMENT_3D('',#879,#880,#881);
#884=CARTESIAN_POINT('',(-4.5E-1,-2.69E0,-5.85E0));
#885=DIRECTION('',(-1.E0,0.E0,0.E0));
#886=DIRECTION('',(0.E0,0.E0,1.E0));
#887=AXIS2_PLACEMENT_3D('',#884,#885,#886);
#889=CARTESIAN_POINT('',(-4.5E-1,-2.69E0,-4.6E0));
#890=DIRECTION('',(0.E0,-1.E0,0.E0));
#891=DIRECTION('',(0.E0,0.E0,1.E0));
#892=AXIS2_PLACEMENT_3D('',#889,#890,#891);
#894=DIRECTION('',(0.E0,-1.E0,0.E0));
#895=VECTOR('',#894,1.55E0);
#896=CARTESIAN_POINT('',(-4.5E-1,-2.69E0,-3.6E0));
#897=LINE('',#896,#895);
#898=CARTESIAN_POINT('',(-4.5E-1,-4.24E0,-4.6E0));
#899=DIRECTION('',(0.E0,-1.E0,0.E0));
#900=DIRECTION('',(0.E0,0.E0,1.E0));
#901=AXIS2_PLACEMENT_3D('',#898,#899,#900);
#903=DIRECTION('',(1.E0,0.E0,0.E0));
#904=VECTOR('',#903,7.996092795860E-1);
#905=CARTESIAN_POINT('',(-1.249609279586E0,-4.24E0,-3.575E0));
#906=LINE('',#905,#904);
#907=DIRECTION('',(1.E0,0.E0,0.E0));
#908=VECTOR('',#907,7.996092795860E-1);
#909=CARTESIAN_POINT('',(-1.249609279586E0,-4.24E0,-5.625E0));
#910=LINE('',#909,#908);
#911=CARTESIAN_POINT('',(-1.249609279586E0,-4.74E0,-3.575E0));
#912=CARTESIAN_POINT('',(-1.187715365987E0,-4.782280973728E0,-3.575E0));
#913=CARTESIAN_POINT('',(-1.068001492185E0,-4.857939365735E0,-3.575E0));
#914=CARTESIAN_POINT('',(-9.003919749344E-1,-4.944000565280E0,-3.575E0));
#915=CARTESIAN_POINT('',(-7.443619025297E-1,-5.003080652936E0,-3.575E0));
#916=CARTESIAN_POINT('',(-5.961108515041E-1,-5.037718771327E0,-3.575E0));
#917=CARTESIAN_POINT('',(-4.983016532427E-1,-5.045418441578E0,-3.575E0));
#918=CARTESIAN_POINT('',(-4.5E-1,-5.045418441578E0,-3.575E0));
#920=CARTESIAN_POINT('',(-4.5E-1,-5.045418441578E0,-5.625E0));
#921=CARTESIAN_POINT('',(-4.989553900383E-1,-5.045418441578E0,-5.625E0));
#922=CARTESIAN_POINT('',(-5.978087623194E-1,-5.037522726611E0,-5.625E0));
#923=CARTESIAN_POINT('',(-7.471641788581E-1,-5.002231614256E0,-5.625E0));
#924=CARTESIAN_POINT('',(-9.028522103773E-1,-4.942843761899E0,-5.625E0));
#925=CARTESIAN_POINT('',(-1.069199326643E0,-4.857196274723E0,-5.625E0));
#926=CARTESIAN_POINT('',(-1.188142385895E0,-4.781989267864E0,-5.625E0));
#927=CARTESIAN_POINT('',(-1.249609279586E0,-4.74E0,-5.625E0));
#929=CARTESIAN_POINT('',(-4.5E-1,-4.74E0,-4.6E0));
#930=DIRECTION('',(0.E0,1.E0,0.E0));
#931=DIRECTION('',(-6.150840612200E-1,0.E0,-7.884615384615E-1));
#932=AXIS2_PLACEMENT_3D('',#929,#930,#931);
#934=CARTESIAN_POINT('',(-4.5E-1,-5.883826121272E0,-4.6E0));
#935=DIRECTION('',(0.E0,1.E0,0.E0));
#936=DIRECTION('',(0.E0,0.E0,-1.E0));
#937=AXIS2_PLACEMENT_3D('',#934,#935,#936);
#939=CARTESIAN_POINT('',(-4.5E-1,-5.95E0,-4.6E0));
#940=DIRECTION('',(0.E0,1.E0,0.E0));
#941=DIRECTION('',(0.E0,0.E0,-1.E0));
#942=AXIS2_PLACEMENT_3D('',#939,#940,#941);
#944=DIRECTION('',(0.E0,1.E0,0.E0));
#945=VECTOR('',#944,5.E-1);
#946=CARTESIAN_POINT('',(-1.249609279586E0,-4.74E0,-3.575E0));
#947=LINE('',#946,#945);
#948=DIRECTION('',(0.E0,1.E0,0.E0));
#949=VECTOR('',#948,5.E-1);
#950=CARTESIAN_POINT('',(-1.249609279586E0,-4.74E0,-5.625E0));
#951=LINE('',#950,#949);
#952=CARTESIAN_POINT('',(-4.5E-1,-4.24E0,-4.6E0));
#953=DIRECTION('',(0.E0,1.E0,0.E0));
#954=DIRECTION('',(-6.150840612200E-1,0.E0,-7.884615384615E-1));
#955=AXIS2_PLACEMENT_3D('',#952,#953,#954);
#957=DIRECTION('',(0.E0,0.E0,-1.E0));
#958=VECTOR('',#957,6.4E0);
#959=CARTESIAN_POINT('',(-1.7E0,-2.13E0,-1.4E0));
#960=LINE('',#959,#958);
#961=DIRECTION('',(-5.160018341788E-12,0.E0,1.E0));
#962=VECTOR('',#961,3.200012850133E0);
#963=CARTESIAN_POINT('',(-1.699999999983E0,-2.44E0,-4.600012850133E0));
#964=LINE('',#963,#962);
#965=DIRECTION('',(5.160129172999E-12,0.E0,1.E0));
#966=VECTOR('',#965,3.199987149867E0);
#967=CARTESIAN_POINT('',(-1.7E0,-2.44E0,-7.8E0));
#968=LINE('',#967,#966);
#969=CARTESIAN_POINT('',(-1.9E0,-2.13E0,-1.4E0));
#970=DIRECTION('',(0.E0,0.E0,-1.E0));
#971=DIRECTION('',(0.E0,1.E0,0.E0));
#972=AXIS2_PLACEMENT_3D('',#969,#970,#971);
#974=CARTESIAN_POINT('',(-1.9E0,-2.13E0,-7.8E0));
#975=DIRECTION('',(0.E0,0.E0,1.E0));
#976=DIRECTION('',(1.E0,0.E0,0.E0));
#977=AXIS2_PLACEMENT_3D('',#974,#975,#976);
#979=CARTESIAN_POINT('',(-2.5E-1,-2.13E0,-7.8E0));
#980=DIRECTION('',(0.E0,0.E0,1.E0));
#981=DIRECTION('',(0.E0,1.E0,0.E0));
#982=AXIS2_PLACEMENT_3D('',#979,#980,#981);
#984=CARTESIAN_POINT('',(-2.5E-1,-2.13E0,-1.4E0));
#985=DIRECTION('',(0.E0,0.E0,-1.E0));
#986=DIRECTION('',(-1.E0,0.E0,0.E0));
#987=AXIS2_PLACEMENT_3D('',#984,#985,#986);
#989=DIRECTION('',(0.E0,0.E0,-1.E0));
#990=VECTOR('',#989,2.E0);
#991=CARTESIAN_POINT('',(3.93E0,-5.E-1,-3.05E0));
#992=LINE('',#991,#990);
#993=DIRECTION('',(-1.E0,0.E0,0.E0));
#994=VECTOR('',#993,4.3E-1);
#995=CARTESIAN_POINT('',(3.93E0,-5.E-1,-5.05E0));
#996=LINE('',#995,#994);
#997=DIRECTION('',(1.E0,0.E0,0.E0));
#998=VECTOR('',#997,4.3E-1);
#999=CARTESIAN_POINT('',(3.5E0,-5.E-1,-3.05E0));
#1000=LINE('',#999,#998);
#1001=DIRECTION('',(0.E0,0.E0,1.E0));
#1002=VECTOR('',#1001,2.E0);
#1003=CARTESIAN_POINT('',(-3.93E0,-5.E-1,-6.15E0));
#1004=LINE('',#1003,#1002);
#1005=DIRECTION('',(1.E0,0.E0,0.E0));
#1006=VECTOR('',#1005,4.3E-1);
#1007=CARTESIAN_POINT('',(-3.93E0,-5.E-1,-4.15E0));
#1008=LINE('',#1007,#1006);
#1009=DIRECTION('',(-1.E0,0.E0,0.E0));
#1010=VECTOR('',#1009,4.3E-1);
#1011=CARTESIAN_POINT('',(-3.5E0,-5.E-1,-6.15E0));
#1012=LINE('',#1011,#1010);
#1013=DIRECTION('',(0.E0,1.E0,0.E0));
#1014=VECTOR('',#1013,2.E0);
#1015=CARTESIAN_POINT('',(3.93E0,-1.E0,-5.55E0));
#1016=LINE('',#1015,#1014);
#1017=DIRECTION('',(0.E0,-1.E0,0.E0));
#1018=VECTOR('',#1017,2.E0);
#1019=CARTESIAN_POINT('',(4.29E0,1.E0,-3.05E0));
#1020=LINE('',#1019,#1018);
#1021=DIRECTION('',(0.E0,1.E0,0.E0));
#1022=VECTOR('',#1021,5.E-1);
#1023=CARTESIAN_POINT('',(3.93E0,-1.E0,-3.05E0));
#1024=LINE('',#1023,#1022);
#1025=DIRECTION('',(0.E0,1.E0,0.E0));
#1026=VECTOR('',#1025,5.E-1);
#1027=CARTESIAN_POINT('',(3.93E0,5.E-1,-3.05E0));
#1028=LINE('',#1027,#1026);
#1029=DIRECTION('',(-7.745966692415E-1,4.472135955E-1,4.472135955E-1));
#1030=VECTOR('',#1029,1.006975670014E0);
#1031=CARTESIAN_POINT('',(5.07E0,5.496667900321E-1,-3.500333209968E0));
#1032=LINE('',#1031,#1030);
#1033=DIRECTION('',(0.E0,-1.E0,0.E0));
#1034=VECTOR('',#1033,1.099333580064E0);
#1035=CARTESIAN_POINT('',(5.07E0,5.496667900321E-1,-5.099666790032E0));
#1036=LINE('',#1035,#1034);
#1037=DIRECTION('',(0.E0,0.E0,1.E0));
#1038=VECTOR('',#1037,1.599333580064E0);
#1039=CARTESIAN_POINT('',(5.07E0,-5.496667900321E-1,-5.099666790032E0));
#1040=LINE('',#1039,#1038);
#1041=DIRECTION('',(0.E0,-1.E0,0.E0));
#1042=VECTOR('',#1041,1.099333580064E0);
#1043=CARTESIAN_POINT('',(5.07E0,5.496667900321E-1,-3.500333209968E0));
#1044=LINE('',#1043,#1042);
#1045=DIRECTION('',(0.E0,0.E0,-1.E0));
#1046=VECTOR('',#1045,1.599333580064E0);
#1047=CARTESIAN_POINT('',(5.07E0,5.496667900321E-1,-3.500333209968E0));
#1048=LINE('',#1047,#1046);
#1049=DIRECTION('',(-7.745966692415E-1,-4.472135955E-1,-4.472135955E-1));
#1050=VECTOR('',#1049,1.006975670014E0);
#1051=CARTESIAN_POINT('',(5.07E0,-5.496667900321E-1,-5.099666790032E0));
#1052=LINE('',#1051,#1050);
#1053=DIRECTION('',(7.745966692415E-1,-4.472135955E-1,4.472135955E-1));
#1054=VECTOR('',#1053,1.006975670014E0);
#1055=CARTESIAN_POINT('',(4.29E0,1.E0,-5.55E0));
#1056=LINE('',#1055,#1054);
#1057=DIRECTION('',(0.E0,-1.E0,0.E0));
#1058=VECTOR('',#1057,2.E0);
#1059=CARTESIAN_POINT('',(4.29E0,1.E0,-5.55E0));
#1060=LINE('',#1059,#1058);
#1061=DIRECTION('',(0.E0,0.E0,1.E0));
#1062=VECTOR('',#1061,2.5E0);
#1063=CARTESIAN_POINT('',(-4.29E0,1.E0,-6.15E0));
#1064=LINE('',#1063,#1062);
#1065=DIRECTION('',(-1.E0,0.E0,0.E0));
#1066=VECTOR('',#1065,3.6E-1);
#1067=CARTESIAN_POINT('',(-3.93E0,1.E0,-6.15E0));
#1068=LINE('',#1067,#1066);
#1069=DIRECTION('',(0.E0,0.E0,-1.E0));
#1070=VECTOR('',#1069,2.5E0);
#1071=CARTESIAN_POINT('',(-3.93E0,1.E0,-3.65E0));
#1072=LINE('',#1071,#1070);
#1073=DIRECTION('',(1.E0,0.E0,0.E0));
#1074=VECTOR('',#1073,3.6E-1);
#1075=CARTESIAN_POINT('',(-4.29E0,1.E0,-3.65E0));
#1076=LINE('',#1075,#1074);
#1077=DIRECTION('',(0.E0,0.E0,-1.E0));
#1078=VECTOR('',#1077,2.5E0);
#1079=CARTESIAN_POINT('',(4.29E0,1.E0,-3.05E0));
#1080=LINE('',#1079,#1078);
#1081=DIRECTION('',(1.E0,0.E0,0.E0));
#1082=VECTOR('',#1081,3.6E-1);
#1083=CARTESIAN_POINT('',(3.93E0,1.E0,-3.05E0));
#1084=LINE('',#1083,#1082);
#1085=DIRECTION('',(0.E0,0.E0,1.E0));
#1086=VECTOR('',#1085,2.5E0);
#1087=CARTESIAN_POINT('',(3.93E0,1.E0,-5.55E0));
#1088=LINE('',#1087,#1086);
#1089=DIRECTION('',(-1.E0,0.E0,0.E0));
#1090=VECTOR('',#1089,3.6E-1);
#1091=CARTESIAN_POINT('',(4.29E0,1.E0,-5.55E0));
#1092=LINE('',#1091,#1090);
#1093=DIRECTION('',(0.E0,-1.E0,0.E0));
#1094=VECTOR('',#1093,1.099333580064E0);
#1095=CARTESIAN_POINT('',(-5.07E0,5.496667900321E-1,-4.100333209968E0));
#1096=LINE('',#1095,#1094);
#1097=DIRECTION('',(0.E0,0.E0,-1.E0));
#1098=VECTOR('',#1097,1.599333580064E0);
#1099=CARTESIAN_POINT('',(-5.07E0,-5.496667900321E-1,-4.100333209968E0));
#1100=LINE('',#1099,#1098);
#1101=DIRECTION('',(0.E0,-1.E0,0.E0));
#1102=VECTOR('',#1101,1.099333580064E0);
#1103=CARTESIAN_POINT('',(-5.07E0,5.496667900321E-1,-5.699666790032E0));
#1104=LINE('',#1103,#1102);
#1105=DIRECTION('',(0.E0,0.E0,1.E0));
#1106=VECTOR('',#1105,1.599333580064E0);
#1107=CARTESIAN_POINT('',(-5.07E0,5.496667900321E-1,-5.699666790032E0));
#1108=LINE('',#1107,#1106);
#1109=DIRECTION('',(7.745966692415E-1,-4.472135955E-1,4.472135955E-1));
#1110=VECTOR('',#1109,1.006975670014E0);
#1111=CARTESIAN_POINT('',(-5.07E0,-5.496667900321E-1,-4.100333209968E0));
#1112=LINE('',#1111,#1110);
#1113=DIRECTION('',(-7.745966692415E-1,-4.472135955E-1,-4.472135955E-1));
#1114=VECTOR('',#1113,1.006975670014E0);
#1115=CARTESIAN_POINT('',(-4.29E0,1.E0,-3.65E0));
#1116=LINE('',#1115,#1114);
#1117=DIRECTION('',(0.E0,-1.E0,0.E0));
#1118=VECTOR('',#1117,2.E0);
#1119=CARTESIAN_POINT('',(-4.29E0,1.E0,-3.65E0));
#1120=LINE('',#1119,#1118);
#1121=DIRECTION('',(0.E0,1.E0,0.E0));
#1122=VECTOR('',#1121,2.E0);
#1123=CARTESIAN_POINT('',(-3.93E0,-1.E0,-3.65E0));
#1124=LINE('',#1123,#1122);
#1125=DIRECTION('',(0.E0,-1.E0,0.E0));
#1126=VECTOR('',#1125,2.E0);
#1127=CARTESIAN_POINT('',(-4.29E0,1.E0,-6.15E0));
#1128=LINE('',#1127,#1126);
#1129=DIRECTION('',(0.E0,1.E0,0.E0));
#1130=VECTOR('',#1129,5.E-1);
#1131=CARTESIAN_POINT('',(-3.93E0,-1.E0,-6.15E0));
#1132=LINE('',#1131,#1130);
#1133=DIRECTION('',(0.E0,1.E0,0.E0));
#1134=VECTOR('',#1133,5.E-1);
#1135=CARTESIAN_POINT('',(-3.93E0,5.E-1,-6.15E0));
#1136=LINE('',#1135,#1134);
#1137=DIRECTION('',(7.745966692415E-1,4.472135955E-1,-4.472135955E-1));
#1138=VECTOR('',#1137,1.006975670014E0);
#1139=CARTESIAN_POINT('',(-5.07E0,5.496667900321E-1,-5.699666790032E0));
#1140=LINE('',#1139,#1138);
#1141=DIRECTION('',(7.745966692415E-1,-4.472135955E-1,-4.472135955E-1));
#1142=VECTOR('',#1141,1.006975670014E0);
#1143=CARTESIAN_POINT('',(-5.07E0,-5.496667900321E-1,-5.699666790032E0));
#1144=LINE('',#1143,#1142);
#1145=DIRECTION('',(0.E0,0.E0,-1.E0));
#1146=VECTOR('',#1145,2.5E0);
#1147=CARTESIAN_POINT('',(-4.29E0,-1.E0,-3.65E0));
#1148=LINE('',#1147,#1146);
#1149=DIRECTION('',(1.E0,0.E0,0.E0));
#1150=VECTOR('',#1149,3.6E-1);
#1151=CARTESIAN_POINT('',(-4.29E0,-1.E0,-3.65E0));
#1152=LINE('',#1151,#1150);
#1153=DIRECTION('',(0.E0,0.E0,-1.E0));
#1154=VECTOR('',#1153,2.5E0);
#1155=CARTESIAN_POINT('',(-3.93E0,-1.E0,-3.65E0));
#1156=LINE('',#1155,#1154);
#1157=DIRECTION('',(-1.E0,0.E0,0.E0));
#1158=VECTOR('',#1157,3.6E-1);
#1159=CARTESIAN_POINT('',(-3.93E0,-1.E0,-6.15E0));
#1160=LINE('',#1159,#1158);
#1161=DIRECTION('',(0.E0,0.E0,1.E0));
#1162=VECTOR('',#1161,2.5E0);
#1163=CARTESIAN_POINT('',(4.29E0,-1.E0,-5.55E0));
#1164=LINE('',#1163,#1162);
#1165=DIRECTION('',(-1.E0,0.E0,0.E0));
#1166=VECTOR('',#1165,3.6E-1);
#1167=CARTESIAN_POINT('',(4.29E0,-1.E0,-5.55E0));
#1168=LINE('',#1167,#1166);
#1169=DIRECTION('',(0.E0,0.E0,1.E0));
#1170=VECTOR('',#1169,2.5E0);
#1171=CARTESIAN_POINT('',(3.93E0,-1.E0,-5.55E0));
#1172=LINE('',#1171,#1170);
#1173=DIRECTION('',(1.E0,0.E0,0.E0));
#1174=VECTOR('',#1173,3.6E-1);
#1175=CARTESIAN_POINT('',(3.93E0,-1.E0,-3.05E0));
#1176=LINE('',#1175,#1174);
#1177=DIRECTION('',(-7.745966692415E-1,-4.472135955E-1,4.472135955E-1));
#1178=VECTOR('',#1177,1.006975670014E0);
#1179=CARTESIAN_POINT('',(5.07E0,-5.496667900321E-1,-3.500333209968E0));
#1180=LINE('',#1179,#1178);
#1181=DIRECTION('',(0.E0,0.E0,-1.E0));
#1182=VECTOR('',#1181,2.E0);
#1183=CARTESIAN_POINT('',(3.93E0,5.E-1,-3.05E0));
#1184=LINE('',#1183,#1182);
#1185=DIRECTION('',(1.E0,0.E0,0.E0));
#1186=VECTOR('',#1185,4.3E-1);
#1187=CARTESIAN_POINT('',(3.5E0,5.E-1,-3.05E0));
#1188=LINE('',#1187,#1186);
#1189=DIRECTION('',(-1.E0,0.E0,0.E0));
#1190=VECTOR('',#1189,4.3E-1);
#1191=CARTESIAN_POINT('',(3.93E0,5.E-1,-5.05E0));
#1192=LINE('',#1191,#1190);
#1193=DIRECTION('',(0.E0,0.E0,1.E0));
#1194=VECTOR('',#1193,2.E0);
#1195=CARTESIAN_POINT('',(-3.93E0,5.E-1,-6.15E0));
#1196=LINE('',#1195,#1194);
#1197=DIRECTION('',(-1.E0,0.E0,0.E0));
#1198=VECTOR('',#1197,4.3E-1);
#1199=CARTESIAN_POINT('',(-3.5E0,5.E-1,-6.15E0));
#1200=LINE('',#1199,#1198);
#1201=DIRECTION('',(1.E0,0.E0,0.E0));
#1202=VECTOR('',#1201,4.3E-1);
#1203=CARTESIAN_POINT('',(-3.93E0,5.E-1,-4.15E0));
#1204=LINE('',#1203,#1202);
#1205=DIRECTION('',(0.E0,1.E0,0.E0));
#1206=VECTOR('',#1205,1.E0);
#1207=CARTESIAN_POINT('',(3.93E0,-5.E-1,-5.05E0));
#1208=LINE('',#1207,#1206);
#1209=DIRECTION('',(0.E0,1.E0,0.E0));
#1210=VECTOR('',#1209,1.E0);
#1211=CARTESIAN_POINT('',(-3.93E0,-5.E-1,-4.15E0));
#1212=LINE('',#1211,#1210);
#1213=DIRECTION('',(0.E0,7.071067811865E-1,7.071067811865E-1));
#1214=VECTOR('',#1213,6.505382386916E-1);
#1215=CARTESIAN_POINT('',(1.82E0,-1.29E0,-8.57E0));
#1216=LINE('',#1215,#1214);
#1217=DIRECTION('',(0.E0,0.E0,-1.E0));
#1218=VECTOR('',#1217,3.4E-1);
#1219=CARTESIAN_POINT('',(1.82E0,4.15E-1,-8.11E0));
#1220=LINE('',#1219,#1218);
#1221=DIRECTION('',(0.E0,-1.E0,0.E0));
#1222=VECTOR('',#1221,3.122077938642E-1);
#1223=CARTESIAN_POINT('',(1.82E0,4.15E-1,-8.45E0));
#1224=LINE('',#1223,#1222);
#1225=DIRECTION('',(0.E0,-7.071067811865E-1,-7.071067811865E-1));
#1226=VECTOR('',#1225,1.437401153702E0);
#1227=CARTESIAN_POINT('',(1.82E0,1.027922061358E-1,-8.45E0));
#1228=LINE('',#1227,#1226);
#1229=CARTESIAN_POINT('',(1.82E0,-1.55E0,-8.83E0));
#1230=DIRECTION('',(-1.E0,0.E0,0.E0));
#1231=DIRECTION('',(0.E0,7.071067811865E-1,-7.071067811865E-1));
#1232=AXIS2_PLACEMENT_3D('',#1229,#1230,#1231);
#1234=CARTESIAN_POINT('',(1.82E0,-2.438200427831E0,-9.39E0));
#1235=DIRECTION('',(1.E0,0.E0,0.E0));
#1236=DIRECTION('',(0.E0,8.459051693633E-1,5.333333333333E-1));
#1237=AXIS2_PLACEMENT_3D('',#1234,#1235,#1236);
#1239=DIRECTION('',(0.E0,-1.E0,0.E0));
#1240=VECTOR('',#1239,3.051799572169E0);
#1241=CARTESIAN_POINT('',(1.82E0,-2.438200427831E0,-9.24E0));
#1242=LINE('',#1241,#1240);
#1243=DIRECTION('',(0.E0,0.E0,1.E0));
#1244=VECTOR('',#1243,6.4E-1);
#1245=CARTESIAN_POINT('',(1.82E0,-5.49E0,-9.24E0));
#1246=LINE('',#1245,#1244);
#1247=DIRECTION('',(0.E0,1.E0,0.E0));
#1248=VECTOR('',#1247,3.163195401619E0);
#1249=CARTESIAN_POINT('',(1.82E0,-5.49E0,-8.6E0));
#1250=LINE('',#1249,#1248);
#1251=CARTESIAN_POINT('',(1.82E0,-2.326804598381E0,-8.92E0));
#1252=DIRECTION('',(-1.E0,0.E0,0.E0));
#1253=DIRECTION('',(0.E0,0.E0,1.E0));
#1254=AXIS2_PLACEMENT_3D('',#1251,#1252,#1253);
#1256=CARTESIAN_POINT('',(1.82E0,-1.772548339959E0,-8.6E0));
#1257=DIRECTION('',(1.E0,0.E0,0.E0));
#1258=DIRECTION('',(0.E0,-8.660254037844E-1,-5.E-1));
#1259=AXIS2_PLACEMENT_3D('',#1256,#1257,#1258);
#1261=DIRECTION('',(0.E0,0.E0,1.E0));
#1262=VECTOR('',#1261,4.15E0);
#1263=CARTESIAN_POINT('',(1.82E0,-3.2E-1,-6.35E0));
#1264=LINE('',#1263,#1262);
#1265=DIRECTION('',(0.E0,1.E0,0.E0));
#1266=VECTOR('',#1265,6.4E-1);
#1267=CARTESIAN_POINT('',(1.82E0,-3.2E-1,-2.2E0));
#1268=LINE('',#1267,#1266);
#1269=DIRECTION('',(0.E0,0.E0,-1.E0));
#1270=VECTOR('',#1269,4.15E0);
#1271=CARTESIAN_POINT('',(1.82E0,3.2E-1,-2.2E0));
#1272=LINE('',#1271,#1270);
#1273=CARTESIAN_POINT('',(1.18E0,-1.772548339959E0,-8.6E0));
#1274=DIRECTION('',(1.E0,0.E0,0.E0));
#1275=DIRECTION('',(0.E0,-8.660254037844E-1,-5.E-1));
#1276=AXIS2_PLACEMENT_3D('',#1273,#1274,#1275);
#1278=CARTESIAN_POINT('',(1.18E0,-2.326804598381E0,-8.92E0));
#1279=DIRECTION('',(-1.E0,0.E0,0.E0));
#1280=DIRECTION('',(0.E0,0.E0,1.E0));
#1281=AXIS2_PLACEMENT_3D('',#1278,#1279,#1280);
#1283=DIRECTION('',(0.E0,1.E0,0.E0));
#1284=VECTOR('',#1283,3.163195401619E0);
#1285=CARTESIAN_POINT('',(1.18E0,-5.49E0,-8.6E0));
#1286=LINE('',#1285,#1284);
#1287=DIRECTION('',(0.E0,0.E0,1.E0));
#1288=VECTOR('',#1287,6.4E-1);
#1289=CARTESIAN_POINT('',(1.18E0,-5.49E0,-9.24E0));
#1290=LINE('',#1289,#1288);
#1291=DIRECTION('',(0.E0,-1.E0,0.E0));
#1292=VECTOR('',#1291,3.051799572169E0);
#1293=CARTESIAN_POINT('',(1.18E0,-2.438200427831E0,-9.24E0));
#1294=LINE('',#1293,#1292);
#1295=CARTESIAN_POINT('',(1.18E0,-2.438200427831E0,-9.39E0));
#1296=DIRECTION('',(1.E0,0.E0,0.E0));
#1297=DIRECTION('',(0.E0,8.459051693633E-1,5.333333333333E-1));
#1298=AXIS2_PLACEMENT_3D('',#1295,#1296,#1297);
#1300=CARTESIAN_POINT('',(1.18E0,-1.55E0,-8.83E0));
#1301=DIRECTION('',(-1.E0,0.E0,0.E0));
#1302=DIRECTION('',(0.E0,7.071067811865E-1,-7.071067811865E-1));
#1303=AXIS2_PLACEMENT_3D('',#1300,#1301,#1302);
#1305=DIRECTION('',(0.E0,-7.071067811865E-1,-7.071067811865E-1));
#1306=VECTOR('',#1305,1.437401153702E0);
#1307=CARTESIAN_POINT('',(1.18E0,1.027922061358E-1,-8.45E0));
#1308=LINE('',#1307,#1306);
#1309=DIRECTION('',(0.E0,-1.E0,0.E0));
#1310=VECTOR('',#1309,3.122077938642E-1);
#1311=CARTESIAN_POINT('',(1.18E0,4.15E-1,-8.45E0));
#1312=LINE('',#1311,#1310);
#1313=DIRECTION('',(0.E0,0.E0,-1.E0));
#1314=VECTOR('',#1313,3.4E-1);
#1315=CARTESIAN_POINT('',(1.18E0,4.15E-1,-8.11E0));
#1316=LINE('',#1315,#1314);
#1317=DIRECTION('',(0.E0,7.071067811865E-1,7.071067811865E-1));
#1318=VECTOR('',#1317,6.505382386916E-1);
#1319=CARTESIAN_POINT('',(1.18E0,-1.29E0,-8.57E0));
#1320=LINE('',#1319,#1318);
#1321=DIRECTION('',(0.E0,0.E0,-1.E0));
#1322=VECTOR('',#1321,4.15E0);
#1323=CARTESIAN_POINT('',(1.18E0,3.2E-1,-2.2E0));
#1324=LINE('',#1323,#1322);
#1325=DIRECTION('',(0.E0,1.E0,0.E0));
#1326=VECTOR('',#1325,6.4E-1);
#1327=CARTESIAN_POINT('',(1.18E0,-3.2E-1,-2.2E0));
#1328=LINE('',#1327,#1326);
#1329=DIRECTION('',(0.E0,0.E0,1.E0));
#1330=VECTOR('',#1329,4.15E0);
#1331=CARTESIAN_POINT('',(1.18E0,-3.2E-1,-6.35E0));
#1332=LINE('',#1331,#1330);
#1333=DIRECTION('',(1.E0,0.E0,0.E0));
#1334=VECTOR('',#1333,6.4E-1);
#1335=CARTESIAN_POINT('',(1.18E0,-2.049676469170E0,-8.76E0));
#1336=LINE('',#1335,#1334);
#1337=DIRECTION('',(1.E0,0.E0,0.E0));
#1338=VECTOR('',#1337,6.4E-1);
#1339=CARTESIAN_POINT('',(1.18E0,-2.326804598381E0,-8.6E0));
#1340=LINE('',#1339,#1338);
#1341=DIRECTION('',(1.E0,0.E0,0.E0));
#1342=VECTOR('',#1341,6.4E-1);
#1343=CARTESIAN_POINT('',(1.18E0,-5.49E0,-8.6E0));
#1344=LINE('',#1343,#1342);
#1345=DIRECTION('',(1.E0,0.E0,0.E0));
#1346=VECTOR('',#1345,6.4E-1);
#1347=CARTESIAN_POINT('',(1.18E0,-5.49E0,-9.24E0));
#1348=LINE('',#1347,#1346);
#1349=DIRECTION('',(1.E0,0.E0,0.E0));
#1350=VECTOR('',#1349,6.4E-1);
#1351=CARTESIAN_POINT('',(1.18E0,-2.438200427831E0,-9.24E0));
#1352=LINE('',#1351,#1350);
#1353=DIRECTION('',(1.E0,0.E0,0.E0));
#1354=VECTOR('',#1353,6.4E-1);
#1355=CARTESIAN_POINT('',(1.18E0,-2.311314652427E0,-9.31E0));
#1356=LINE('',#1355,#1354);
#1357=DIRECTION('',(1.E0,0.E0,0.E0));
#1358=VECTOR('',#1357,6.4E-1);
#1359=CARTESIAN_POINT('',(1.18E0,-9.136038969321E-1,-9.466396103068E0));
#1360=LINE('',#1359,#1358);
#1361=DIRECTION('',(1.E0,0.E0,0.E0));
#1362=VECTOR('',#1361,6.4E-1);
#1363=CARTESIAN_POINT('',(1.18E0,1.027922061358E-1,-8.45E0));
#1364=LINE('',#1363,#1362);
#1365=DIRECTION('',(1.E0,0.E0,0.E0));
#1366=VECTOR('',#1365,6.4E-1);
#1367=CARTESIAN_POINT('',(1.18E0,4.15E-1,-8.45E0));
#1368=LINE('',#1367,#1366);
#1369=DIRECTION('',(0.E0,-1.E0,0.E0));
#1370=VECTOR('',#1369,6.4E-1);
#1371=CARTESIAN_POINT('',(1.82E0,3.2E-1,-6.35E0));
#1372=LINE('',#1371,#1370);
#1373=DIRECTION('',(-1.E0,0.E0,0.E0));
#1374=VECTOR('',#1373,6.4E-1);
#1375=CARTESIAN_POINT('',(1.82E0,3.2E-1,-6.35E0));
#1376=LINE('',#1375,#1374);
#1377=DIRECTION('',(0.E0,-1.E0,0.E0));
#1378=VECTOR('',#1377,6.4E-1);
#1379=CARTESIAN_POINT('',(1.18E0,3.2E-1,-6.35E0));
#1380=LINE('',#1379,#1378);
#1381=DIRECTION('',(-1.E0,0.E0,0.E0));
#1382=VECTOR('',#1381,6.4E-1);
#1383=CARTESIAN_POINT('',(1.82E0,-3.2E-1,-6.35E0));
#1384=LINE('',#1383,#1382);
#1385=DIRECTION('',(-7.071067811865E-1,7.071067811865E-1,0.E0));
#1386=VECTOR('',#1385,9.899494936612E-1);
#1387=CARTESIAN_POINT('',(8.9E-1,-1.31E0,-6.35E0));
#1388=LINE('',#1387,#1386);
#1389=DIRECTION('',(0.E0,-1.E0,0.E0));
#1390=VECTOR('',#1389,1.92E0);
#1391=CARTESIAN_POINT('',(1.9E-1,1.31E0,-6.35E0));
#1392=LINE('',#1391,#1390);
#1393=DIRECTION('',(-1.E0,0.E0,0.E0));
#1394=VECTOR('',#1393,2.62E0);
#1395=CARTESIAN_POINT('',(2.81E0,1.31E0,-6.35E0));
#1396=LINE('',#1395,#1394);
#1397=DIRECTION('',(0.E0,1.E0,0.E0));
#1398=VECTOR('',#1397,2.62E0);
#1399=CARTESIAN_POINT('',(2.81E0,-1.31E0,-6.35E0));
#1400=LINE('',#1399,#1398);
#1401=DIRECTION('',(1.E0,0.E0,0.E0));
#1402=VECTOR('',#1401,1.92E0);
#1403=CARTESIAN_POINT('',(8.9E-1,-1.31E0,-6.35E0));
#1404=LINE('',#1403,#1402);
#1405=DIRECTION('',(1.E0,0.E0,0.E0));
#1406=VECTOR('',#1405,6.4E-1);
#1407=CARTESIAN_POINT('',(1.18E0,3.2E-1,-2.2E0));
#1408=LINE('',#1407,#1406);
#1409=DIRECTION('',(1.E0,0.E0,0.E0));
#1410=VECTOR('',#1409,6.4E-1);
#1411=CARTESIAN_POINT('',(1.18E0,-3.2E-1,-2.2E0));
#1412=LINE('',#1411,#1410);
#1413=DIRECTION('',(0.E0,0.E0,1.E0));
#1414=VECTOR('',#1413,6.35E0);
#1415=CARTESIAN_POINT('',(8.9E-1,-1.31E0,-6.35E0));
#1416=LINE('',#1415,#1414);
#1417=DIRECTION('',(0.E0,0.E0,-1.E0));
#1418=VECTOR('',#1417,6.35E0);
#1419=CARTESIAN_POINT('',(2.81E0,-1.31E0,0.E0));
#1420=LINE('',#1419,#1418);
#1421=DIRECTION('',(0.E0,0.E0,-1.E0));
#1422=VECTOR('',#1421,6.35E0);
#1423=CARTESIAN_POINT('',(2.81E0,1.31E0,0.E0));
#1424=LINE('',#1423,#1422);
#1425=DIRECTION('',(0.E0,0.E0,1.E0));
#1426=VECTOR('',#1425,6.35E0);
#1427=CARTESIAN_POINT('',(1.9E-1,-6.1E-1,-6.35E0));
#1428=LINE('',#1427,#1426);
#1429=DIRECTION('',(0.E0,0.E0,-1.E0));
#1430=VECTOR('',#1429,6.35E0);
#1431=CARTESIAN_POINT('',(1.9E-1,1.31E0,0.E0));
#1432=LINE('',#1431,#1430);
#1433=CARTESIAN_POINT('',(-1.82E0,-1.772548339959E0,-8.6E0));
#1434=DIRECTION('',(1.E0,0.E0,0.E0));
#1435=DIRECTION('',(0.E0,-8.660254037844E-1,-5.E-1));
#1436=AXIS2_PLACEMENT_3D('',#1433,#1434,#1435);
#1438=CARTESIAN_POINT('',(-1.82E0,-2.326804598381E0,-8.92E0));
#1439=DIRECTION('',(-1.E0,0.E0,0.E0));
#1440=DIRECTION('',(0.E0,0.E0,1.E0));
#1441=AXIS2_PLACEMENT_3D('',#1438,#1439,#1440);
#1443=DIRECTION('',(0.E0,1.E0,0.E0));
#1444=VECTOR('',#1443,3.163195401619E0);
#1445=CARTESIAN_POINT('',(-1.82E0,-5.49E0,-8.6E0));
#1446=LINE('',#1445,#1444);
#1447=DIRECTION('',(0.E0,0.E0,1.E0));
#1448=VECTOR('',#1447,6.4E-1);
#1449=CARTESIAN_POINT('',(-1.82E0,-5.49E0,-9.24E0));
#1450=LINE('',#1449,#1448);
#1451=DIRECTION('',(0.E0,-1.E0,0.E0));
#1452=VECTOR('',#1451,3.051799572169E0);
#1453=CARTESIAN_POINT('',(-1.82E0,-2.438200427831E0,-9.24E0));
#1454=LINE('',#1453,#1452);
#1455=CARTESIAN_POINT('',(-1.82E0,-2.438200427831E0,-9.39E0));
#1456=DIRECTION('',(1.E0,0.E0,0.E0));
#1457=DIRECTION('',(0.E0,8.459051693633E-1,5.333333333333E-1));
#1458=AXIS2_PLACEMENT_3D('',#1455,#1456,#1457);
#1460=CARTESIAN_POINT('',(-1.82E0,-1.55E0,-8.83E0));
#1461=DIRECTION('',(-1.E0,0.E0,0.E0));
#1462=DIRECTION('',(0.E0,7.071067811865E-1,-7.071067811865E-1));
#1463=AXIS2_PLACEMENT_3D('',#1460,#1461,#1462);
#1465=DIRECTION('',(0.E0,-7.071067811865E-1,-7.071067811865E-1));
#1466=VECTOR('',#1465,1.437401153702E0);
#1467=CARTESIAN_POINT('',(-1.82E0,1.027922061358E-1,-8.45E0));
#1468=LINE('',#1467,#1466);
#1469=DIRECTION('',(0.E0,-1.E0,0.E0));
#1470=VECTOR('',#1469,3.122077938642E-1);
#1471=CARTESIAN_POINT('',(-1.82E0,4.15E-1,-8.45E0));
#1472=LINE('',#1471,#1470);
#1473=DIRECTION('',(0.E0,0.E0,-1.E0));
#1474=VECTOR('',#1473,3.4E-1);
#1475=CARTESIAN_POINT('',(-1.82E0,4.15E-1,-8.11E0));
#1476=LINE('',#1475,#1474);
#1477=DIRECTION('',(0.E0,7.071067811865E-1,7.071067811865E-1));
#1478=VECTOR('',#1477,6.505382386916E-1);
#1479=CARTESIAN_POINT('',(-1.82E0,-1.29E0,-8.57E0));
#1480=LINE('',#1479,#1478);
#1481=DIRECTION('',(0.E0,0.E0,-1.E0));
#1482=VECTOR('',#1481,4.15E0);
#1483=CARTESIAN_POINT('',(-1.82E0,3.2E-1,-2.2E0));
#1484=LINE('',#1483,#1482);
#1485=DIRECTION('',(0.E0,1.E0,0.E0));
#1486=VECTOR('',#1485,6.4E-1);
#1487=CARTESIAN_POINT('',(-1.82E0,-3.2E-1,-2.2E0));
#1488=LINE('',#1487,#1486);
#1489=DIRECTION('',(0.E0,0.E0,1.E0));
#1490=VECTOR('',#1489,4.15E0);
#1491=CARTESIAN_POINT('',(-1.82E0,-3.2E-1,-6.35E0));
#1492=LINE('',#1491,#1490);
#1493=DIRECTION('',(1.E0,0.E0,0.E0));
#1494=VECTOR('',#1493,6.4E-1);
#1495=CARTESIAN_POINT('',(-1.82E0,-2.049676469170E0,-8.76E0));
#1496=LINE('',#1495,#1494);
#1497=DIRECTION('',(1.E0,0.E0,0.E0));
#1498=VECTOR('',#1497,6.4E-1);
#1499=CARTESIAN_POINT('',(-1.82E0,-2.326804598381E0,-8.6E0));
#1500=LINE('',#1499,#1498);
#1501=DIRECTION('',(1.E0,0.E0,0.E0));
#1502=VECTOR('',#1501,6.4E-1);
#1503=CARTESIAN_POINT('',(-1.82E0,-5.49E0,-8.6E0));
#1504=LINE('',#1503,#1502);
#1505=DIRECTION('',(1.E0,0.E0,0.E0));
#1506=VECTOR('',#1505,6.4E-1);
#1507=CARTESIAN_POINT('',(-1.82E0,-5.49E0,-9.24E0));
#1508=LINE('',#1507,#1506);
#1509=DIRECTION('',(1.E0,0.E0,0.E0));
#1510=VECTOR('',#1509,6.4E-1);
#1511=CARTESIAN_POINT('',(-1.82E0,-2.438200427831E0,-9.24E0));
#1512=LINE('',#1511,#1510);
#1513=DIRECTION('',(1.E0,0.E0,0.E0));
#1514=VECTOR('',#1513,6.4E-1);
#1515=CARTESIAN_POINT('',(-1.82E0,-2.311314652427E0,-9.31E0));
#1516=LINE('',#1515,#1514);
#1517=DIRECTION('',(1.E0,0.E0,0.E0));
#1518=VECTOR('',#1517,6.4E-1);
#1519=CARTESIAN_POINT('',(-1.82E0,-9.136038969321E-1,-9.466396103068E0));
#1520=LINE('',#1519,#1518);
#1521=DIRECTION('',(1.E0,0.E0,0.E0));
#1522=VECTOR('',#1521,6.4E-1);
#1523=CARTESIAN_POINT('',(-1.82E0,1.027922061358E-1,-8.45E0));
#1524=LINE('',#1523,#1522);
#1525=DIRECTION('',(1.E0,0.E0,0.E0));
#1526=VECTOR('',#1525,6.4E-1);
#1527=CARTESIAN_POINT('',(-1.82E0,4.15E-1,-8.45E0));
#1528=LINE('',#1527,#1526);
#1529=DIRECTION('',(1.E0,0.E0,0.E0));
#1530=VECTOR('',#1529,6.4E-1);
#1531=CARTESIAN_POINT('',(-1.82E0,3.2E-1,-2.2E0));
#1532=LINE('',#1531,#1530);
#1533=DIRECTION('',(1.E0,0.E0,0.E0));
#1534=VECTOR('',#1533,6.4E-1);
#1535=CARTESIAN_POINT('',(-1.82E0,-3.2E-1,-2.2E0));
#1536=LINE('',#1535,#1534);
#1537=DIRECTION('',(0.E0,0.E0,-1.E0));
#1538=VECTOR('',#1537,2.034161034013E0);
#1539=CARTESIAN_POINT('',(-1.3E0,2.53E0,-8.568888040453E-1));
#1540=LINE('',#1539,#1538);
#1541=CARTESIAN_POINT('',(-1.3E0,2.53E0,-3.491049838058E0));
#1542=DIRECTION('',(1.E0,0.E0,0.E0));
#1543=DIRECTION('',(0.E0,8.715574274766E-2,9.961946980917E-1));
#1544=AXIS2_PLACEMENT_3D('',#1541,#1542,#1543);
#1546=DIRECTION('',(0.E0,9.961946980917E-1,-8.715574274766E-2));
#1547=VECTOR('',#1546,6.501806881648E-1);
#1548=CARTESIAN_POINT('',(-1.3E0,2.582293445649E0,-2.893333019203E0));
#1549=LINE('',#1548,#1547);
#1550=DIRECTION('',(0.E0,0.E0,1.E0));
#1551=VECTOR('',#1550,1.093407591235E0);
#1552=CARTESIAN_POINT('',(-1.3E0,3.23E0,-2.95E0));
#1553=LINE('',#1552,#1551);
#1554=DIRECTION('',(0.E0,-5.735764363510E-1,8.191520442890E-1));
#1555=VECTOR('',#1554,1.220412756935E0);
#1556=CARTESIAN_POINT('',(-1.3E0,3.23E0,-1.856592408765E0));
#1557=LINE('',#1556,#1555);
#1558=DIRECTION('',(1.E0,0.E0,0.E0));
#1559=VECTOR('',#1558,2.6E0);
#1560=CARTESIAN_POINT('',(-1.3E0,3.23E0,-2.95E0));
#1561=LINE('',#1560,#1559);
#1562=CARTESIAN_POINT('',(-3.5E0,1.93E0,-9.24E0));
#1563=CARTESIAN_POINT('',(-3.5E0,1.93E0,0.E0));
#1564=VERTEX_POINT('',#1562);
#1565=VERTEX_POINT('',#1563);
#1566=CARTESIAN_POINT('',(-3.5E0,-1.93E0,0.E0));
#1567=VERTEX_POINT('',#1566);
#1568=CARTESIAN_POINT('',(-3.5E0,-1.93E0,-9.24E0));
#1569=VERTEX_POINT('',#1568);
#1570=CARTESIAN_POINT('',(-3.5E0,-1.29E0,-9.24E0));
#1571=VERTEX_POINT('',#1570);
#1572=CARTESIAN_POINT('',(-3.5E0,-1.29E0,-8.11E0));
#1573=VERTEX_POINT('',#1572);
#1574=CARTESIAN_POINT('',(-3.5E0,1.29E0,-8.11E0));
#1575=VERTEX_POINT('',#1574);
#1576=CARTESIAN_POINT('',(-3.5E0,1.29E0,-9.24E0));
#1577=VERTEX_POINT('',#1576);
#1578=CARTESIAN_POINT('',(3.5E0,1.93E0,-9.24E0));
#1579=CARTESIAN_POINT('',(3.5E0,1.93E0,0.E0));
#1580=VERTEX_POINT('',#1578);
#1581=VERTEX_POINT('',#1579);
#1582=CARTESIAN_POINT('',(3.5E0,-1.93E0,0.E0));
#1583=VERTEX_POINT('',#1582);
#1584=CARTESIAN_POINT('',(3.5E0,-1.93E0,-9.24E0));
#1585=VERTEX_POINT('',#1584);
#1586=CARTESIAN_POINT('',(3.5E0,-1.29E0,-9.24E0));
#1587=VERTEX_POINT('',#1586);
#1588=CARTESIAN_POINT('',(3.5E0,-1.29E0,-8.11E0));
#1589=VERTEX_POINT('',#1588);
#1590=CARTESIAN_POINT('',(3.5E0,1.29E0,-8.11E0));
#1591=VERTEX_POINT('',#1590);
#1592=CARTESIAN_POINT('',(3.5E0,1.29E0,-9.24E0));
#1593=VERTEX_POINT('',#1592);
#1594=CARTESIAN_POINT('',(-2.035E0,1.93E0,-9.24E0));
#1595=CARTESIAN_POINT('',(-2.035E0,1.93E0,-8.87E0));
#1596=VERTEX_POINT('',#1594);
#1597=VERTEX_POINT('',#1595);
#1598=CARTESIAN_POINT('',(2.035E0,1.93E0,-8.87E0));
#1599=VERTEX_POINT('',#1598);
#1600=CARTESIAN_POINT('',(2.035E0,1.93E0,-9.24E0));
#1601=VERTEX_POINT('',#1600);
#1602=CARTESIAN_POINT('',(-2.035E0,-1.93E0,-9.24E0));
#1603=CARTESIAN_POINT('',(-2.035E0,-1.93E0,-8.87E0));
#1604=VERTEX_POINT('',#1602);
#1605=VERTEX_POINT('',#1603);
#1606=CARTESIAN_POINT('',(2.035E0,-1.93E0,-8.87E0));
#1607=VERTEX_POINT('',#1606);
#1608=CARTESIAN_POINT('',(2.035E0,-1.93E0,-9.24E0));
#1609=VERTEX_POINT('',#1608);
#1610=CARTESIAN_POINT('',(-2.035E0,-1.29E0,-9.24E0));
#1611=VERTEX_POINT('',#1610);
#1612=CARTESIAN_POINT('',(2.035E0,-1.29E0,-9.24E0));
#1613=VERTEX_POINT('',#1612);
#1614=CARTESIAN_POINT('',(-2.035E0,-1.29E0,-8.87E0));
#1615=VERTEX_POINT('',#1614);
#1616=CARTESIAN_POINT('',(2.035E0,-1.29E0,-8.87E0));
#1617=VERTEX_POINT('',#1616);
#1618=CARTESIAN_POINT('',(-2.035E0,1.29E0,-9.24E0));
#1619=CARTESIAN_POINT('',(-2.035E0,1.29E0,-8.87E0));
#1620=VERTEX_POINT('',#1618);
#1621=VERTEX_POINT('',#1619);
#1622=CARTESIAN_POINT('',(2.035E0,1.29E0,-8.87E0));
#1623=VERTEX_POINT('',#1622);
#1624=CARTESIAN_POINT('',(2.035E0,1.29E0,-9.24E0));
#1625=VERTEX_POINT('',#1624);
#1626=CARTESIAN_POINT('',(-1.3E0,3.23E0,-2.95E0));
#1627=CARTESIAN_POINT('',(-1.3E0,3.23E0,-1.856592408765E0));
#1628=VERTEX_POINT('',#1626);
#1629=VERTEX_POINT('',#1627);
#1630=CARTESIAN_POINT('',(1.3E0,3.23E0,-2.95E0));
#1631=CARTESIAN_POINT('',(1.3E0,3.23E0,-1.856592408765E0));
#1632=VERTEX_POINT('',#1630);
#1633=VERTEX_POINT('',#1631);
#1634=CARTESIAN_POINT('',(-3.5E0,-5.E-1,-4.15E0));
#1635=CARTESIAN_POINT('',(-3.5E0,-5.E-1,-6.15E0));
#1636=VERTEX_POINT('',#1634);
#1637=VERTEX_POINT('',#1635);
#1638=CARTESIAN_POINT('',(-3.5E0,5.E-1,-4.15E0));
#1639=CARTESIAN_POINT('',(-3.5E0,5.E-1,-6.15E0));
#1640=VERTEX_POINT('',#1638);
#1641=VERTEX_POINT('',#1639);
#1642=CARTESIAN_POINT('',(3.5E0,-5.E-1,-3.05E0));
#1643=CARTESIAN_POINT('',(3.5E0,-5.E-1,-5.05E0));
#1644=VERTEX_POINT('',#1642);
#1645=VERTEX_POINT('',#1643);
#1646=CARTESIAN_POINT('',(3.5E0,5.E-1,-3.05E0));
#1647=CARTESIAN_POINT('',(3.5E0,5.E-1,-5.05E0));
#1648=VERTEX_POINT('',#1646);
#1649=VERTEX_POINT('',#1647);
#1650=CARTESIAN_POINT('',(3.93E0,-1.E0,-5.55E0));
#1651=CARTESIAN_POINT('',(3.93E0,-1.E0,-3.05E0));
#1652=VERTEX_POINT('',#1650);
#1653=VERTEX_POINT('',#1651);
#1654=CARTESIAN_POINT('',(-3.93E0,-1.E0,-3.65E0));
#1655=CARTESIAN_POINT('',(-3.93E0,-1.E0,-6.15E0));
#1656=VERTEX_POINT('',#1654);
#1657=VERTEX_POINT('',#1655);
#1658=CARTESIAN_POINT('',(3.93E0,1.E0,-5.55E0));
#1659=CARTESIAN_POINT('',(3.93E0,1.E0,-3.05E0));
#1660=VERTEX_POINT('',#1658);
#1661=VERTEX_POINT('',#1659);
#1662=CARTESIAN_POINT('',(-3.93E0,1.E0,-3.65E0));
#1663=CARTESIAN_POINT('',(-3.93E0,1.E0,-6.15E0));
#1664=VERTEX_POINT('',#1662);
#1665=VERTEX_POINT('',#1663);
#1666=CARTESIAN_POINT('',(3.93E0,-5.E-1,-3.05E0));
#1667=CARTESIAN_POINT('',(3.93E0,-5.E-1,-5.05E0));
#1668=VERTEX_POINT('',#1666);
#1669=VERTEX_POINT('',#1667);
#1670=CARTESIAN_POINT('',(-3.93E0,-5.E-1,-6.15E0));
#1671=CARTESIAN_POINT('',(-3.93E0,-5.E-1,-4.15E0));
#1672=VERTEX_POINT('',#1670);
#1673=VERTEX_POINT('',#1671);
#1674=CARTESIAN_POINT('',(3.93E0,5.E-1,-3.05E0));
#1675=CARTESIAN_POINT('',(3.93E0,5.E-1,-5.05E0));
#1676=VERTEX_POINT('',#1674);
#1677=VERTEX_POINT('',#1675);
#1678=CARTESIAN_POINT('',(-3.93E0,5.E-1,-6.15E0));
#1679=CARTESIAN_POINT('',(-3.93E0,5.E-1,-4.15E0));
#1680=VERTEX_POINT('',#1678);
#1681=VERTEX_POINT('',#1679);
#1682=CARTESIAN_POINT('',(-4.29E0,1.E0,-3.65E0));
#1683=CARTESIAN_POINT('',(-4.29E0,-1.E0,-3.65E0));
#1684=VERTEX_POINT('',#1682);
#1685=VERTEX_POINT('',#1683);
#1686=CARTESIAN_POINT('',(-5.07E0,5.496667900321E-1,-4.100333209968E0));
#1687=CARTESIAN_POINT('',(-5.07E0,-5.496667900321E-1,-4.100333209968E0));
#1688=VERTEX_POINT('',#1686);
#1689=VERTEX_POINT('',#1687);
#1690=CARTESIAN_POINT('',(-4.29E0,-1.E0,-6.15E0));
#1691=VERTEX_POINT('',#1690);
#1692=CARTESIAN_POINT('',(-5.07E0,-5.496667900321E-1,-5.699666790032E0));
#1693=VERTEX_POINT('',#1692);
#1694=CARTESIAN_POINT('',(-4.29E0,1.E0,-6.15E0));
#1695=VERTEX_POINT('',#1694);
#1696=CARTESIAN_POINT('',(-5.07E0,5.496667900321E-1,-5.699666790032E0));
#1697=VERTEX_POINT('',#1696);
#1698=CARTESIAN_POINT('',(4.29E0,1.E0,-5.55E0));
#1699=CARTESIAN_POINT('',(4.29E0,-1.E0,-5.55E0));
#1700=VERTEX_POINT('',#1698);
#1701=VERTEX_POINT('',#1699);
#1702=CARTESIAN_POINT('',(5.07E0,5.496667900321E-1,-5.099666790032E0));
#1703=CARTESIAN_POINT('',(5.07E0,-5.496667900321E-1,-5.099666790032E0));
#1704=VERTEX_POINT('',#1702);
#1705=VERTEX_POINT('',#1703);
#1706=CARTESIAN_POINT('',(4.29E0,-1.E0,-3.05E0));
#1707=VERTEX_POINT('',#1706);
#1708=CARTESIAN_POINT('',(5.07E0,-5.496667900321E-1,-3.500333209968E0));
#1709=VERTEX_POINT('',#1708);
#1710=CARTESIAN_POINT('',(4.29E0,1.E0,-3.05E0));
#1711=VERTEX_POINT('',#1710);
#1712=CARTESIAN_POINT('',(5.07E0,5.496667900321E-1,-3.500333209968E0));
#1713=VERTEX_POINT('',#1712);
#1714=CARTESIAN_POINT('',(-1.9E0,1.93E0,-3.491049838058E0));
#1715=CARTESIAN_POINT('',(-1.899999742568E0,1.93E0,1.809140437459E-8));
#1716=VERTEX_POINT('',#1714);
#1717=VERTEX_POINT('',#1715);
#1718=CARTESIAN_POINT('',(1.3E0,2.582293445649E0,-2.893333019203E0));
#1719=CARTESIAN_POINT('',(-1.3E0,2.582293445649E0,-2.893333019203E0));
#1720=VERTEX_POINT('',#1718);
#1721=VERTEX_POINT('',#1719);
#1722=CARTESIAN_POINT('',(1.9E0,1.93E0,-3.491049838058E0));
#1723=VERTEX_POINT('',#1722);
#1724=CARTESIAN_POINT('',(1.899999742570E0,1.93E0,1.809126877212E-8));
#1725=VERTEX_POINT('',#1724);
#1726=CARTESIAN_POINT('',(-1.3E0,2.53E0,-8.568888040453E-1));
#1727=VERTEX_POINT('',#1726);
#1728=CARTESIAN_POINT('',(1.3E0,2.53E0,-8.568888040453E-1));
#1729=VERTEX_POINT('',#1728);
#1730=CARTESIAN_POINT('',(-1.3E0,2.53E0,-2.891049838058E0));
#1731=VERTEX_POINT('',#1730);
#1732=VERTEX_POINT('',#134);
#1733=CARTESIAN_POINT('',(-1.7E0,-2.44E0,-1.4E0));
#1734=CARTESIAN_POINT('',(-4.5E-1,-2.44E0,-1.4E0));
#1735=VERTEX_POINT('',#1733);
#1736=VERTEX_POINT('',#1734);
#1737=CARTESIAN_POINT('',(4.5E-1,-2.44E0,-1.4E0));
#1738=CARTESIAN_POINT('',(1.7E0,-2.44E0,-1.4E0));
#1739=VERTEX_POINT('',#1737);
#1740=VERTEX_POINT('',#1738);
#1741=CARTESIAN_POINT('',(-1.7E0,-2.44E0,-7.8E0));
#1742=CARTESIAN_POINT('',(-4.5E-1,-2.44E0,-7.8E0));
#1743=VERTEX_POINT('',#1741);
#1744=VERTEX_POINT('',#1742);
#1745=CARTESIAN_POINT('',(4.5E-1,-2.44E0,-7.8E0));
#1746=CARTESIAN_POINT('',(1.7E0,-2.44E0,-7.8E0));
#1747=VERTEX_POINT('',#1745);
#1748=VERTEX_POINT('',#1746);
#1749=CARTESIAN_POINT('',(2.81E0,-1.31E0,-6.35E0));
#1750=CARTESIAN_POINT('',(2.81E0,1.31E0,-6.35E0));
#1751=VERTEX_POINT('',#1749);
#1752=VERTEX_POINT('',#1750);
#1753=CARTESIAN_POINT('',(1.9E-1,1.31E0,-6.35E0));
#1754=VERTEX_POINT('',#1753);
#1755=CARTESIAN_POINT('',(2.81E0,-1.31E0,0.E0));
#1756=CARTESIAN_POINT('',(2.81E0,1.31E0,0.E0));
#1757=VERTEX_POINT('',#1755);
#1758=VERTEX_POINT('',#1756);
#1759=CARTESIAN_POINT('',(1.9E-1,1.31E0,0.E0));
#1760=VERTEX_POINT('',#1759);
#1761=CARTESIAN_POINT('',(-2.81E0,1.31E0,-6.35E0));
#1762=CARTESIAN_POINT('',(-2.81E0,-1.31E0,-6.35E0));
#1763=VERTEX_POINT('',#1761);
#1764=VERTEX_POINT('',#1762);
#1765=CARTESIAN_POINT('',(-1.9E-1,-1.31E0,-6.35E0));
#1766=VERTEX_POINT('',#1765);
#1767=CARTESIAN_POINT('',(-1.9E-1,1.31E0,-6.35E0));
#1768=VERTEX_POINT('',#1767);
#1769=CARTESIAN_POINT('',(-2.81E0,1.31E0,0.E0));
#1770=CARTESIAN_POINT('',(-2.81E0,-1.31E0,0.E0));
#1771=VERTEX_POINT('',#1769);
#1772=VERTEX_POINT('',#1770);
#1773=CARTESIAN_POINT('',(-1.9E-1,-1.31E0,0.E0));
#1774=VERTEX_POINT('',#1773);
#1775=CARTESIAN_POINT('',(-1.9E-1,1.31E0,0.E0));
#1776=VERTEX_POINT('',#1775);
#1777=CARTESIAN_POINT('',(1.82E0,-3.2E-1,-2.2E0));
#1778=CARTESIAN_POINT('',(1.82E0,3.2E-1,-2.2E0));
#1779=VERTEX_POINT('',#1777);
#1780=VERTEX_POINT('',#1778);
#1781=CARTESIAN_POINT('',(1.18E0,-3.2E-1,-2.2E0));
#1782=CARTESIAN_POINT('',(1.18E0,3.2E-1,-2.2E0));
#1783=VERTEX_POINT('',#1781);
#1784=VERTEX_POINT('',#1782);
#1785=CARTESIAN_POINT('',(1.82E0,-1.29E0,-8.57E0));
#1786=CARTESIAN_POINT('',(1.82E0,-1.29E0,-8.87E0));
#1787=VERTEX_POINT('',#1785);
#1788=VERTEX_POINT('',#1786);
#1789=CARTESIAN_POINT('',(1.82E0,4.15E-1,-8.11E0));
#1790=CARTESIAN_POINT('',(1.82E0,-8.3E-1,-8.11E0));
#1791=VERTEX_POINT('',#1789);
#1792=VERTEX_POINT('',#1790);
#1793=CARTESIAN_POINT('',(1.82E0,-1.600792699586E0,-8.87E0));
#1794=VERTEX_POINT('',#1793);
#1795=CARTESIAN_POINT('',(1.82E0,3.2E-1,-6.35E0));
#1796=CARTESIAN_POINT('',(1.82E0,-3.2E-1,-6.35E0));
#1797=VERTEX_POINT('',#1795);
#1798=VERTEX_POINT('',#1796);
#1799=CARTESIAN_POINT('',(1.18E0,3.2E-1,-6.35E0));
#1800=VERTEX_POINT('',#1799);
#1801=CARTESIAN_POINT('',(1.18E0,-3.2E-1,-6.35E0));
#1802=VERTEX_POINT('',#1801);
#1803=CARTESIAN_POINT('',(1.18E0,-1.29E0,-8.57E0));
#1804=CARTESIAN_POINT('',(1.18E0,-1.29E0,-8.87E0));
#1805=VERTEX_POINT('',#1803);
#1806=VERTEX_POINT('',#1804);
#1807=CARTESIAN_POINT('',(1.18E0,-8.3E-1,-8.11E0));
#1808=CARTESIAN_POINT('',(1.18E0,4.15E-1,-8.11E0));
#1809=VERTEX_POINT('',#1807);
#1810=VERTEX_POINT('',#1808);
#1811=CARTESIAN_POINT('',(1.18E0,-1.600792699586E0,-8.87E0));
#1812=VERTEX_POINT('',#1811);
#1813=CARTESIAN_POINT('',(8.9E-1,-1.31E0,-6.35E0));
#1814=CARTESIAN_POINT('',(1.9E-1,-6.1E-1,-6.35E0));
#1815=VERTEX_POINT('',#1813);
#1816=VERTEX_POINT('',#1814);
#1817=CARTESIAN_POINT('',(1.9E-1,-6.1E-1,0.E0));
#1818=VERTEX_POINT('',#1817);
#1819=CARTESIAN_POINT('',(8.9E-1,-1.31E0,0.E0));
#1820=VERTEX_POINT('',#1819);
#1821=CARTESIAN_POINT('',(-1.18E0,-3.2E-1,-2.2E0));
#1822=CARTESIAN_POINT('',(-1.18E0,3.2E-1,-2.2E0));
#1823=VERTEX_POINT('',#1821);
#1824=VERTEX_POINT('',#1822);
#1825=CARTESIAN_POINT('',(-1.82E0,-3.2E-1,-2.2E0));
#1826=CARTESIAN_POINT('',(-1.82E0,3.2E-1,-2.2E0));
#1827=VERTEX_POINT('',#1825);
#1828=VERTEX_POINT('',#1826);
#1829=CARTESIAN_POINT('',(-1.18E0,-1.29E0,-8.57E0));
#1830=CARTESIAN_POINT('',(-1.18E0,-1.29E0,-8.87E0));
#1831=VERTEX_POINT('',#1829);
#1832=VERTEX_POINT('',#1830);
#1833=CARTESIAN_POINT('',(-1.82E0,-1.29E0,-8.57E0));
#1834=CARTESIAN_POINT('',(-1.82E0,-1.29E0,-8.87E0));
#1835=VERTEX_POINT('',#1833);
#1836=VERTEX_POINT('',#1834);
#1837=CARTESIAN_POINT('',(-1.18E0,4.15E-1,-8.11E0));
#1838=CARTESIAN_POINT('',(-1.18E0,-8.3E-1,-8.11E0));
#1839=VERTEX_POINT('',#1837);
#1840=VERTEX_POINT('',#1838);
#1841=CARTESIAN_POINT('',(-1.82E0,4.15E-1,-8.11E0));
#1842=CARTESIAN_POINT('',(-1.82E0,-8.3E-1,-8.11E0));
#1843=VERTEX_POINT('',#1841);
#1844=VERTEX_POINT('',#1842);
#1845=CARTESIAN_POINT('',(-1.18E0,-1.600792699586E0,-8.87E0));
#1846=VERTEX_POINT('',#1845);
#1847=CARTESIAN_POINT('',(-1.82E0,-1.600792699586E0,-8.87E0));
#1848=VERTEX_POINT('',#1847);
#1849=CARTESIAN_POINT('',(-1.18E0,3.2E-1,-6.35E0));
#1850=CARTESIAN_POINT('',(-1.18E0,-3.2E-1,-6.35E0));
#1851=VERTEX_POINT('',#1849);
#1852=VERTEX_POINT('',#1850);
#1853=CARTESIAN_POINT('',(-1.82E0,3.2E-1,-6.35E0));
#1854=CARTESIAN_POINT('',(-1.82E0,-3.2E-1,-6.35E0));
#1855=VERTEX_POINT('',#1853);
#1856=VERTEX_POINT('',#1854);
#1857=CARTESIAN_POINT('',(2.5E-1,-1.93E0,-1.4E0));
#1858=CARTESIAN_POINT('',(2.5E-1,-1.93E0,-7.8E0));
#1859=VERTEX_POINT('',#1857);
#1860=VERTEX_POINT('',#1858);
#1861=CARTESIAN_POINT('',(4.5E-1,-2.13E0,-1.4E0));
#1862=CARTESIAN_POINT('',(4.5E-1,-2.13E0,-7.8E0));
#1863=VERTEX_POINT('',#1861);
#1864=VERTEX_POINT('',#1862);
#1865=CARTESIAN_POINT('',(1.9E0,-1.93E0,-7.8E0));
#1866=CARTESIAN_POINT('',(1.9E0,-1.93E0,-1.4E0));
#1867=VERTEX_POINT('',#1865);
#1868=VERTEX_POINT('',#1866);
#1869=CARTESIAN_POINT('',(1.7E0,-2.13E0,-7.8E0));
#1870=CARTESIAN_POINT('',(1.7E0,-2.13E0,-1.4E0));
#1871=VERTEX_POINT('',#1869);
#1872=VERTEX_POINT('',#1870);
#1873=CARTESIAN_POINT('',(-2.5E-1,-1.93E0,-7.8E0));
#1874=CARTESIAN_POINT('',(-2.5E-1,-1.93E0,-1.4E0));
#1875=VERTEX_POINT('',#1873);
#1876=VERTEX_POINT('',#1874);
#1877=CARTESIAN_POINT('',(-4.5E-1,-2.13E0,-7.8E0));
#1878=CARTESIAN_POINT('',(-4.5E-1,-2.13E0,-1.4E0));
#1879=VERTEX_POINT('',#1877);
#1880=VERTEX_POINT('',#1878);
#1881=CARTESIAN_POINT('',(-1.9E0,-1.93E0,-1.4E0));
#1882=CARTESIAN_POINT('',(-1.9E0,-1.93E0,-7.8E0));
#1883=VERTEX_POINT('',#1881);
#1884=VERTEX_POINT('',#1882);
#1885=CARTESIAN_POINT('',(-1.7E0,-2.13E0,-1.4E0));
#1886=CARTESIAN_POINT('',(-1.7E0,-2.13E0,-7.8E0));
#1887=VERTEX_POINT('',#1885);
#1888=VERTEX_POINT('',#1886);
#1889=CARTESIAN_POINT('',(-4.5E-1,-5.95E0,-4.721465369338E0));
#1890=CARTESIAN_POINT('',(-4.5E-1,-5.95E0,-4.478534630662E0));
#1891=VERTEX_POINT('',#1889);
#1892=VERTEX_POINT('',#1890);
#1893=CARTESIAN_POINT('',(-4.5E-1,-4.24E0,-3.6E0));
#1894=CARTESIAN_POINT('',(-4.5E-1,-4.24E0,-5.6E0));
#1895=VERTEX_POINT('',#1893);
#1896=VERTEX_POINT('',#1894);
#1897=CARTESIAN_POINT('',(4.5E-1,-5.95E0,-4.478534630662E0));
#1898=CARTESIAN_POINT('',(4.5E-1,-5.95E0,-4.721465369338E0));
#1899=VERTEX_POINT('',#1897);
#1900=VERTEX_POINT('',#1898);
#1901=CARTESIAN_POINT('',(4.5E-1,-4.24E0,-5.6E0));
#1902=CARTESIAN_POINT('',(4.5E-1,-4.24E0,-3.6E0));
#1903=VERTEX_POINT('',#1901);
#1904=VERTEX_POINT('',#1902);
#1905=CARTESIAN_POINT('',(-4.5E-1,-5.045418441578E0,-3.575E0));
#1906=CARTESIAN_POINT('',(-4.5E-1,-4.24E0,-3.575E0));
#1907=VERTEX_POINT('',#1905);
#1908=VERTEX_POINT('',#1906);
#1909=CARTESIAN_POINT('',(-4.5E-1,-5.045418441578E0,-5.625E0));
#1910=CARTESIAN_POINT('',(-4.5E-1,-4.24E0,-5.625E0));
#1911=VERTEX_POINT('',#1909);
#1912=VERTEX_POINT('',#1910);
#1913=CARTESIAN_POINT('',(4.5E-1,-5.045418441578E0,-3.575E0));
#1914=CARTESIAN_POINT('',(4.5E-1,-4.24E0,-3.575E0));
#1915=VERTEX_POINT('',#1913);
#1916=VERTEX_POINT('',#1914);
#1917=CARTESIAN_POINT('',(4.5E-1,-5.045418441578E0,-5.625E0));
#1918=CARTESIAN_POINT('',(4.5E-1,-4.24E0,-5.625E0));
#1919=VERTEX_POINT('',#1917);
#1920=VERTEX_POINT('',#1918);
#1921=CARTESIAN_POINT('',(-1.249609279586E0,-4.24E0,-3.575E0));
#1922=VERTEX_POINT('',#1921);
#1923=CARTESIAN_POINT('',(-1.249609279586E0,-4.24E0,-5.625E0));
#1924=VERTEX_POINT('',#1923);
#1925=CARTESIAN_POINT('',(-1.249609279586E0,-4.74E0,-3.575E0));
#1926=VERTEX_POINT('',#1925);
#1927=CARTESIAN_POINT('',(-1.249609279586E0,-4.74E0,-5.625E0));
#1928=VERTEX_POINT('',#1927);
#1929=VERTEX_POINT('',#787);
#1930=VERTEX_POINT('',#803);
#1931=CARTESIAN_POINT('',(1.249609279586E0,-4.24E0,-3.575E0));
#1932=VERTEX_POINT('',#1931);
#1933=CARTESIAN_POINT('',(1.249609279586E0,-4.24E0,-5.625E0));
#1934=VERTEX_POINT('',#1933);
#1935=CARTESIAN_POINT('',(-4.5E-1,-5.883826121272E0,-4.870094334433E0));
#1936=VERTEX_POINT('',#1935);
#1937=CARTESIAN_POINT('',(-4.5E-1,-5.883826121272E0,-4.329905665567E0));
#1938=VERTEX_POINT('',#1937);
#1939=CARTESIAN_POINT('',(4.5E-1,-5.883826121272E0,-4.870094334433E0));
#1940=VERTEX_POINT('',#1939);
#1941=CARTESIAN_POINT('',(4.5E-1,-5.883826121272E0,-4.329905665567E0));
#1942=VERTEX_POINT('',#1941);
#1943=CARTESIAN_POINT('',(1.82E0,4.15E-1,-8.45E0));
#1944=CARTESIAN_POINT('',(1.82E0,1.027922061358E-1,-8.45E0));
#1945=VERTEX_POINT('',#1943);
#1946=VERTEX_POINT('',#1944);
#1947=CARTESIAN_POINT('',(1.82E0,-2.326804598381E0,-8.6E0));
#1948=CARTESIAN_POINT('',(1.82E0,-2.049676469170E0,-8.76E0));
#1949=VERTEX_POINT('',#1947);
#1950=VERTEX_POINT('',#1948);
#1951=CARTESIAN_POINT('',(1.82E0,-5.49E0,-8.6E0));
#1952=VERTEX_POINT('',#1951);
#1953=CARTESIAN_POINT('',(1.82E0,-5.49E0,-9.24E0));
#1954=VERTEX_POINT('',#1953);
#1955=CARTESIAN_POINT('',(1.82E0,-2.438200427831E0,-9.24E0));
#1956=VERTEX_POINT('',#1955);
#1957=CARTESIAN_POINT('',(1.82E0,-2.311314652427E0,-9.31E0));
#1958=VERTEX_POINT('',#1957);
#1959=CARTESIAN_POINT('',(1.82E0,-9.136038969321E-1,-9.466396103068E0));
#1960=VERTEX_POINT('',#1959);
#1961=CARTESIAN_POINT('',(1.18E0,4.15E-1,-8.45E0));
#1962=CARTESIAN_POINT('',(1.18E0,1.027922061358E-1,-8.45E0));
#1963=VERTEX_POINT('',#1961);
#1964=VERTEX_POINT('',#1962);
#1965=CARTESIAN_POINT('',(1.18E0,-2.326804598381E0,-8.6E0));
#1966=CARTESIAN_POINT('',(1.18E0,-2.049676469170E0,-8.76E0));
#1967=VERTEX_POINT('',#1965);
#1968=VERTEX_POINT('',#1966);
#1969=CARTESIAN_POINT('',(1.18E0,-5.49E0,-8.6E0));
#1970=VERTEX_POINT('',#1969);
#1971=CARTESIAN_POINT('',(1.18E0,-5.49E0,-9.24E0));
#1972=VERTEX_POINT('',#1971);
#1973=CARTESIAN_POINT('',(1.18E0,-2.438200427831E0,-9.24E0));
#1974=VERTEX_POINT('',#1973);
#1975=CARTESIAN_POINT('',(1.18E0,-2.311314652427E0,-9.31E0));
#1976=VERTEX_POINT('',#1975);
#1977=CARTESIAN_POINT('',(1.18E0,-9.136038969321E-1,-9.466396103068E0));
#1978=VERTEX_POINT('',#1977);
#1979=CARTESIAN_POINT('',(-1.18E0,4.15E-1,-8.45E0));
#1980=CARTESIAN_POINT('',(-1.18E0,1.027922061358E-1,-8.45E0));
#1981=VERTEX_POINT('',#1979);
#1982=VERTEX_POINT('',#1980);
#1983=CARTESIAN_POINT('',(-1.18E0,-2.326804598381E0,-8.6E0));
#1984=CARTESIAN_POINT('',(-1.18E0,-2.049676469170E0,-8.76E0));
#1985=VERTEX_POINT('',#1983);
#1986=VERTEX_POINT('',#1984);
#1987=CARTESIAN_POINT('',(-1.18E0,-5.49E0,-8.6E0));
#1988=VERTEX_POINT('',#1987);
#1989=CARTESIAN_POINT('',(-1.18E0,-5.49E0,-9.24E0));
#1990=VERTEX_POINT('',#1989);
#1991=CARTESIAN_POINT('',(-1.18E0,-2.438200427831E0,-9.24E0));
#1992=VERTEX_POINT('',#1991);
#1993=CARTESIAN_POINT('',(-1.18E0,-2.311314652427E0,-9.31E0));
#1994=VERTEX_POINT('',#1993);
#1995=CARTESIAN_POINT('',(-1.18E0,-9.136038969321E-1,-9.466396103068E0));
#1996=VERTEX_POINT('',#1995);
#1997=CARTESIAN_POINT('',(-1.82E0,4.15E-1,-8.45E0));
#1998=CARTESIAN_POINT('',(-1.82E0,1.027922061358E-1,-8.45E0));
#1999=VERTEX_POINT('',#1997);
#2000=VERTEX_POINT('',#1998);
#2001=CARTESIAN_POINT('',(-1.82E0,-2.326804598381E0,-8.6E0));
#2002=CARTESIAN_POINT('',(-1.82E0,-2.049676469170E0,-8.76E0));
#2003=VERTEX_POINT('',#2001);
#2004=VERTEX_POINT('',#2002);
#2005=CARTESIAN_POINT('',(-1.82E0,-5.49E0,-8.6E0));
#2006=VERTEX_POINT('',#2005);
#2007=CARTESIAN_POINT('',(-1.82E0,-5.49E0,-9.24E0));
#2008=VERTEX_POINT('',#2007);
#2009=CARTESIAN_POINT('',(-1.82E0,-2.438200427831E0,-9.24E0));
#2010=VERTEX_POINT('',#2009);
#2011=CARTESIAN_POINT('',(-1.82E0,-2.311314652427E0,-9.31E0));
#2012=VERTEX_POINT('',#2011);
#2013=CARTESIAN_POINT('',(-1.82E0,-9.136038969321E-1,-9.466396103068E0));
#2014=VERTEX_POINT('',#2013);
#2015=CARTESIAN_POINT('',(4.5E-1,-2.69E0,-5.6E0));
#2016=CARTESIAN_POINT('',(4.5E-1,-2.69E0,-3.6E0));
#2017=VERTEX_POINT('',#2015);
#2018=VERTEX_POINT('',#2016);
#2019=CARTESIAN_POINT('',(-4.5E-1,-2.69E0,-3.6E0));
#2020=CARTESIAN_POINT('',(-4.5E-1,-2.69E0,-5.6E0));
#2021=VERTEX_POINT('',#2019);
#2022=VERTEX_POINT('',#2020);
#2023=CARTESIAN_POINT('',(-4.5E-1,-2.44E0,-5.849999999998E0));
#2024=VERTEX_POINT('',#2023);
#2025=CARTESIAN_POINT('',(-4.5E-1,-2.44E0,-3.350000000002E0));
#2026=VERTEX_POINT('',#2025);
#2027=CARTESIAN_POINT('',(4.5E-1,-2.44E0,-5.849999999998E0));
#2028=VERTEX_POINT('',#2027);
#2029=CARTESIAN_POINT('',(4.5E-1,-2.44E0,-3.350000000002E0));
#2030=VERTEX_POINT('',#2029);
#2031=CARTESIAN_POINT('',(-1.699999999934E0,-2.44E0,-4.600012850133E0));
#2032=VERTEX_POINT('',#2031);
#2033=CARTESIAN_POINT('',(1.699999999934E0,-2.44E0,-4.599987202614E0));
#2034=VERTEX_POINT('',#2033);
#2035=CARTESIAN_POINT('',(-3.5E0,0.E0,0.E0));
#2036=DIRECTION('',(1.E0,0.E0,0.E0));
#2037=DIRECTION('',(0.E0,-1.E0,0.E0));
#2038=AXIS2_PLACEMENT_3D('',#2035,#2036,#2037);
#2039=PLANE('',#2038);
#2041=ORIENTED_EDGE('',*,*,#2040,.T.);
#2043=ORIENTED_EDGE('',*,*,#2042,.T.);
#2045=ORIENTED_EDGE('',*,*,#2044,.T.);
#2047=ORIENTED_EDGE('',*,*,#2046,.T.);
#2049=ORIENTED_EDGE('',*,*,#2048,.T.);
#2051=ORIENTED_EDGE('',*,*,#2050,.T.);
#2053=ORIENTED_EDGE('',*,*,#2052,.T.);
#2055=ORIENTED_EDGE('',*,*,#2054,.T.);
#2056=EDGE_LOOP('',(#2041,#2043,#2045,#2047,#2049,#2051,#2053,#2055));
#2057=FACE_OUTER_BOUND('',#2056,.F.);
#2059=ORIENTED_EDGE('',*,*,#2058,.F.);
#2061=ORIENTED_EDGE('',*,*,#2060,.T.);
#2063=ORIENTED_EDGE('',*,*,#2062,.T.);
#2065=ORIENTED_EDGE('',*,*,#2064,.F.);
#2066=EDGE_LOOP('',(#2059,#2061,#2063,#2065));
#2067=FACE_BOUND('',#2066,.F.);
#2068=ADVANCED_FACE('',(#2057,#2067),#2039,.F.);
#2069=CARTESIAN_POINT('',(-3.5E0,1.93E0,-9.24E0));
#2070=DIRECTION('',(0.E0,1.E0,0.E0));
#2071=DIRECTION('',(0.E0,0.E0,1.E0));
#2072=AXIS2_PLACEMENT_3D('',#2069,#2070,#2071);
#2073=PLANE('',#2072);
#2075=ORIENTED_EDGE('',*,*,#2074,.T.);
#2077=ORIENTED_EDGE('',*,*,#2076,.F.);
#2078=ORIENTED_EDGE('',*,*,#2040,.F.);
#2080=ORIENTED_EDGE('',*,*,#2079,.T.);
#2082=ORIENTED_EDGE('',*,*,#2081,.T.);
#2084=ORIENTED_EDGE('',*,*,#2083,.T.);
#2086=ORIENTED_EDGE('',*,*,#2085,.F.);
#2088=ORIENTED_EDGE('',*,*,#2087,.T.);
#2090=ORIENTED_EDGE('',*,*,#2089,.T.);
#2092=ORIENTED_EDGE('',*,*,#2091,.F.);
#2094=ORIENTED_EDGE('',*,*,#2093,.T.);
#2096=ORIENTED_EDGE('',*,*,#2095,.T.);
#2097=EDGE_LOOP('',(#2075,#2077,#2078,#2080,#2082,#2084,#2086,#2088,#2090,#2092,
#2094,#2096));
#2098=FACE_OUTER_BOUND('',#2097,.F.);
#2099=ADVANCED_FACE('',(#2098),#2073,.T.);
#2100=CARTESIAN_POINT('',(-1.9E0,2.53E0,-9.273740458019E0));
#2101=DIRECTION('',(0.E0,0.E0,1.E0));
#2102=DIRECTION('',(0.E0,-1.E0,0.E0));
#2103=AXIS2_PLACEMENT_3D('',#2100,#2101,#2102);
#2104=CYLINDRICAL_SURFACE('',#2103,6.E-1);
#2105=ORIENTED_EDGE('',*,*,#2074,.F.);
#2107=ORIENTED_EDGE('',*,*,#2106,.F.);
#2109=ORIENTED_EDGE('',*,*,#2108,.F.);
#2111=ORIENTED_EDGE('',*,*,#2110,.T.);
#2112=EDGE_LOOP('',(#2105,#2107,#2109,#2111));
#2113=FACE_OUTER_BOUND('',#2112,.F.);
#2114=ADVANCED_FACE('',(#2113),#2104,.F.);
#2115=CARTESIAN_POINT('',(3.533746153169E0,2.53E0,-3.491049838058E0));
#2116=DIRECTION('',(-1.E0,0.E0,0.E0));
#2117=DIRECTION('',(0.E0,-1.E0,0.E0));
#2118=AXIS2_PLACEMENT_3D('',#2115,#2116,#2117);
#2119=CYLINDRICAL_SURFACE('',#2118,6.E-1);
#2121=ORIENTED_EDGE('',*,*,#2120,.T.);
#2123=ORIENTED_EDGE('',*,*,#2122,.T.);
#2124=ORIENTED_EDGE('',*,*,#2106,.T.);
#2125=ORIENTED_EDGE('',*,*,#2095,.F.);
#2127=ORIENTED_EDGE('',*,*,#2126,.F.);
#2129=ORIENTED_EDGE('',*,*,#2128,.T.);
#2130=EDGE_LOOP('',(#2121,#2123,#2124,#2125,#2127,#2129));
#2131=FACE_OUTER_BOUND('',#2130,.F.);
#2132=ADVANCED_FACE('',(#2131),#2119,.F.);
#2133=CARTESIAN_POINT('',(-1.3E0,1.93E0,-2.836264737416E0));
#2134=DIRECTION('',(0.E0,-8.715574274766E-2,-9.961946980917E-1));
#2135=DIRECTION('',(0.E0,9.961946980917E-1,-8.715574274766E-2));
#2136=AXIS2_PLACEMENT_3D('',#2133,#2134,#2135);
#2137=PLANE('',#2136);
#2138=ORIENTED_EDGE('',*,*,#2120,.F.);
#2140=ORIENTED_EDGE('',*,*,#2139,.T.);
#2142=ORIENTED_EDGE('',*,*,#2141,.F.);
#2144=ORIENTED_EDGE('',*,*,#2143,.F.);
#2145=EDGE_LOOP('',(#2138,#2140,#2142,#2144));
#2146=FACE_OUTER_BOUND('',#2145,.F.);
#2147=ADVANCED_FACE('',(#2146),#2137,.T.);
#2148=CARTESIAN_POINT('',(1.3E0,0.E0,0.E0));
#2149=DIRECTION('',(1.E0,0.E0,0.E0));
#2150=DIRECTION('',(0.E0,0.E0,-1.E0));
#2151=AXIS2_PLACEMENT_3D('',#2148,#2149,#2150);
#2152=PLANE('',#2151);
#2153=ORIENTED_EDGE('',*,*,#2139,.F.);
#2154=ORIENTED_EDGE('',*,*,#2128,.F.);
#2156=ORIENTED_EDGE('',*,*,#2155,.T.);
#2158=ORIENTED_EDGE('',*,*,#2157,.F.);
#2160=ORIENTED_EDGE('',*,*,#2159,.F.);
#2161=EDGE_LOOP('',(#2153,#2154,#2156,#2158,#2160));
#2162=FACE_OUTER_BOUND('',#2161,.F.);
#2163=ADVANCED_FACE('',(#2162),#2152,.T.);
#2164=CARTESIAN_POINT('',(1.9E0,2.53E0,3.055436386279E-2));
#2165=DIRECTION('',(0.E0,0.E0,-1.E0));
#2166=DIRECTION('',(0.E0,-1.E0,0.E0));
#2167=AXIS2_PLACEMENT_3D('',#2164,#2165,#2166);
#2168=CYLINDRICAL_SURFACE('',#2167,6.E-1);
#2169=ORIENTED_EDGE('',*,*,#2155,.F.);
#2170=ORIENTED_EDGE('',*,*,#2126,.T.);
#2171=ORIENTED_EDGE('',*,*,#2093,.F.);
#2173=ORIENTED_EDGE('',*,*,#2172,.T.);
#2174=EDGE_LOOP('',(#2169,#2170,#2171,#2173));
#2175=FACE_OUTER_BOUND('',#2174,.F.);
#2176=ADVANCED_FACE('',(#2175),#2168,.F.);
#2177=CARTESIAN_POINT('',(-1.3E0,3.23E0,-1.856592408765E0));
#2178=DIRECTION('',(0.E0,8.191520442890E-1,5.735764363510E-1));
#2179=DIRECTION('',(0.E0,-5.735764363510E-1,8.191520442890E-1));
#2180=AXIS2_PLACEMENT_3D('',#2177,#2178,#2179);
#2181=PLANE('',#2180);
#2182=ORIENTED_EDGE('',*,*,#2157,.T.);
#2183=ORIENTED_EDGE('',*,*,#2172,.F.);
#2185=ORIENTED_EDGE('',*,*,#2184,.T.);
#2186=ORIENTED_EDGE('',*,*,#2110,.F.);
#2188=ORIENTED_EDGE('',*,*,#2187,.F.);
#2190=ORIENTED_EDGE('',*,*,#2189,.T.);
#2191=EDGE_LOOP('',(#2182,#2183,#2185,#2186,#2188,#2190));
#2192=FACE_OUTER_BOUND('',#2191,.F.);
#2193=ADVANCED_FACE('',(#2192),#2181,.T.);
#2194=CARTESIAN_POINT('',(-3.5E0,1.93E0,0.E0));
#2195=DIRECTION('',(0.E0,0.E0,1.E0));
#2196=DIRECTION('',(0.E0,-1.E0,0.E0));
#2197=AXIS2_PLACEMENT_3D('',#2194,#2195,#2196);
#2198=PLANE('',#2197);
#2199=ORIENTED_EDGE('',*,*,#2184,.F.);
#2200=ORIENTED_EDGE('',*,*,#2091,.T.);
#2202=ORIENTED_EDGE('',*,*,#2201,.T.);
#2204=ORIENTED_EDGE('',*,*,#2203,.F.);
#2205=ORIENTED_EDGE('',*,*,#2042,.F.);
#2206=ORIENTED_EDGE('',*,*,#2076,.T.);
#2207=EDGE_LOOP('',(#2199,#2200,#2202,#2204,#2205,#2206));
#2208=FACE_OUTER_BOUND('',#2207,.F.);
#2210=ORIENTED_EDGE('',*,*,#2209,.T.);
#2212=ORIENTED_EDGE('',*,*,#2211,.T.);
#2214=ORIENTED_EDGE('',*,*,#2213,.T.);
#2216=ORIENTED_EDGE('',*,*,#2215,.T.);
#2217=EDGE_LOOP('',(#2210,#2212,#2214,#2216));
#2218=FACE_BOUND('',#2217,.F.);
#2220=ORIENTED_EDGE('',*,*,#2219,.T.);
#2222=ORIENTED_EDGE('',*,*,#2221,.F.);
#2224=ORIENTED_EDGE('',*,*,#2223,.T.);
#2226=ORIENTED_EDGE('',*,*,#2225,.T.);
#2228=ORIENTED_EDGE('',*,*,#2227,.T.);
#2229=EDGE_LOOP('',(#2220,#2222,#2224,#2226,#2228));
#2230=FACE_BOUND('',#2229,.F.);
#2231=ADVANCED_FACE('',(#2208,#2218,#2230),#2198,.T.);
#2232=CARTESIAN_POINT('',(-2.81E0,1.31E0,0.E0));
#2233=DIRECTION('',(-1.E0,0.E0,0.E0));
#2234=DIRECTION('',(0.E0,-1.E0,0.E0));
#2235=AXIS2_PLACEMENT_3D('',#2232,#2233,#2234);
#2236=PLANE('',#2235);
#2237=ORIENTED_EDGE('',*,*,#2209,.F.);
#2239=ORIENTED_EDGE('',*,*,#2238,.T.);
#2241=ORIENTED_EDGE('',*,*,#2240,.T.);
#2243=ORIENTED_EDGE('',*,*,#2242,.F.);
#2244=EDGE_LOOP('',(#2237,#2239,#2241,#2243));
#2245=FACE_OUTER_BOUND('',#2244,.F.);
#2246=ADVANCED_FACE('',(#2245),#2236,.F.);
#2247=CARTESIAN_POINT('',(-1.9E-1,1.31E0,0.E0));
#2248=DIRECTION('',(0.E0,1.E0,0.E0));
#2249=DIRECTION('',(-1.E0,0.E0,0.E0));
#2250=AXIS2_PLACEMENT_3D('',#2247,#2248,#2249);
#2251=PLANE('',#2250);
#2252=ORIENTED_EDGE('',*,*,#2215,.F.);
#2254=ORIENTED_EDGE('',*,*,#2253,.T.);
#2256=ORIENTED_EDGE('',*,*,#2255,.T.);
#2257=ORIENTED_EDGE('',*,*,#2238,.F.);
#2258=EDGE_LOOP('',(#2252,#2254,#2256,#2257));
#2259=FACE_OUTER_BOUND('',#2258,.F.);
#2260=ADVANCED_FACE('',(#2259),#2251,.F.);
#2261=CARTESIAN_POINT('',(-1.9E-1,-1.31E0,0.E0));
#2262=DIRECTION('',(1.E0,0.E0,0.E0));
#2263=DIRECTION('',(0.E0,1.E0,0.E0));
#2264=AXIS2_PLACEMENT_3D('',#2261,#2262,#2263);
#2265=PLANE('',#2264);
#2266=ORIENTED_EDGE('',*,*,#2213,.F.);
#2268=ORIENTED_EDGE('',*,*,#2267,.T.);
#2270=ORIENTED_EDGE('',*,*,#2269,.T.);
#2271=ORIENTED_EDGE('',*,*,#2253,.F.);
#2272=EDGE_LOOP('',(#2266,#2268,#2270,#2271));
#2273=FACE_OUTER_BOUND('',#2272,.F.);
#2274=ADVANCED_FACE('',(#2273),#2265,.F.);
#2275=CARTESIAN_POINT('',(-2.81E0,-1.31E0,0.E0));
#2276=DIRECTION('',(0.E0,-1.E0,0.E0));
#2277=DIRECTION('',(1.E0,0.E0,0.E0));
#2278=AXIS2_PLACEMENT_3D('',#2275,#2276,#2277);
#2279=PLANE('',#2278);
#2280=ORIENTED_EDGE('',*,*,#2211,.F.);
#2281=ORIENTED_EDGE('',*,*,#2242,.T.);
#2283=ORIENTED_EDGE('',*,*,#2282,.T.);
#2284=ORIENTED_EDGE('',*,*,#2267,.F.);
#2285=EDGE_LOOP('',(#2280,#2281,#2283,#2284));
#2286=FACE_OUTER_BOUND('',#2285,.F.);
#2287=ADVANCED_FACE('',(#2286),#2279,.F.);
#2288=CARTESIAN_POINT('',(-6.5E0,0.E0,-6.35E0));
#2289=DIRECTION('',(0.E0,0.E0,1.E0));
#2290=DIRECTION('',(1.E0,0.E0,0.E0));
#2291=AXIS2_PLACEMENT_3D('',#2288,#2289,#2290);
#2292=PLANE('',#2291);
#2293=ORIENTED_EDGE('',*,*,#2240,.F.);
#2294=ORIENTED_EDGE('',*,*,#2255,.F.);
#2295=ORIENTED_EDGE('',*,*,#2269,.F.);
#2296=ORIENTED_EDGE('',*,*,#2282,.F.);
#2297=EDGE_LOOP('',(#2293,#2294,#2295,#2296));
#2298=FACE_OUTER_BOUND('',#2297,.F.);
#2300=ORIENTED_EDGE('',*,*,#2299,.F.);
#2302=ORIENTED_EDGE('',*,*,#2301,.F.);
#2304=ORIENTED_EDGE('',*,*,#2303,.T.);
#2306=ORIENTED_EDGE('',*,*,#2305,.T.);
#2307=EDGE_LOOP('',(#2300,#2302,#2304,#2306));
#2308=FACE_BOUND('',#2307,.F.);
#2309=ADVANCED_FACE('',(#2298,#2308),#2292,.T.);
#2310=CARTESIAN_POINT('',(-1.18E0,0.E0,0.E0));
#2311=DIRECTION('',(1.E0,0.E0,0.E0));
#2312=DIRECTION('',(0.E0,0.E0,-1.E0));
#2313=AXIS2_PLACEMENT_3D('',#2310,#2311,#2312);
#2314=PLANE('',#2313);
#2316=ORIENTED_EDGE('',*,*,#2315,.F.);
#2318=ORIENTED_EDGE('',*,*,#2317,.T.);
#2320=ORIENTED_EDGE('',*,*,#2319,.F.);
#2322=ORIENTED_EDGE('',*,*,#2321,.T.);
#2324=ORIENTED_EDGE('',*,*,#2323,.T.);
#2326=ORIENTED_EDGE('',*,*,#2325,.T.);
#2328=ORIENTED_EDGE('',*,*,#2327,.T.);
#2330=ORIENTED_EDGE('',*,*,#2329,.T.);
#2332=ORIENTED_EDGE('',*,*,#2331,.T.);
#2334=ORIENTED_EDGE('',*,*,#2333,.T.);
#2336=ORIENTED_EDGE('',*,*,#2335,.T.);
#2338=ORIENTED_EDGE('',*,*,#2337,.T.);
#2340=ORIENTED_EDGE('',*,*,#2339,.T.);
#2342=ORIENTED_EDGE('',*,*,#2341,.F.);
#2343=EDGE_LOOP('',(#2316,#2318,#2320,#2322,#2324,#2326,#2328,#2330,#2332,#2334,
#2336,#2338,#2340,#2342));
#2344=FACE_OUTER_BOUND('',#2343,.F.);
#2345=ADVANCED_FACE('',(#2344),#2314,.T.);
#2346=CARTESIAN_POINT('',(-1.18E0,0.E0,0.E0));
#2347=DIRECTION('',(1.E0,0.E0,0.E0));
#2348=DIRECTION('',(0.E0,0.E0,-1.E0));
#2349=AXIS2_PLACEMENT_3D('',#2346,#2347,#2348);
#2350=PLANE('',#2349);
#2351=ORIENTED_EDGE('',*,*,#2299,.T.);
#2353=ORIENTED_EDGE('',*,*,#2352,.T.);
#2355=ORIENTED_EDGE('',*,*,#2354,.T.);
#2357=ORIENTED_EDGE('',*,*,#2356,.T.);
#2358=EDGE_LOOP('',(#2351,#2353,#2355,#2357));
#2359=FACE_OUTER_BOUND('',#2358,.F.);
#2360=ADVANCED_FACE('',(#2359),#2350,.T.);
#2361=CARTESIAN_POINT('',(-3.5E0,-1.29E0,-9.24E0));
#2362=DIRECTION('',(0.E0,1.E0,0.E0));
#2363=DIRECTION('',(0.E0,0.E0,1.E0));
#2364=AXIS2_PLACEMENT_3D('',#2361,#2362,#2363);
#2365=PLANE('',#2364);
#2366=ORIENTED_EDGE('',*,*,#2315,.T.);
#2368=ORIENTED_EDGE('',*,*,#2367,.T.);
#2370=ORIENTED_EDGE('',*,*,#2369,.F.);
#2372=ORIENTED_EDGE('',*,*,#2371,.T.);
#2374=ORIENTED_EDGE('',*,*,#2373,.T.);
#2376=ORIENTED_EDGE('',*,*,#2375,.T.);
#2378=ORIENTED_EDGE('',*,*,#2377,.F.);
#2380=ORIENTED_EDGE('',*,*,#2379,.T.);
#2382=ORIENTED_EDGE('',*,*,#2381,.T.);
#2384=ORIENTED_EDGE('',*,*,#2383,.F.);
#2385=ORIENTED_EDGE('',*,*,#2048,.F.);
#2387=ORIENTED_EDGE('',*,*,#2386,.T.);
#2389=ORIENTED_EDGE('',*,*,#2388,.T.);
#2391=ORIENTED_EDGE('',*,*,#2390,.T.);
#2393=ORIENTED_EDGE('',*,*,#2392,.F.);
#2395=ORIENTED_EDGE('',*,*,#2394,.T.);
#2396=EDGE_LOOP('',(#2366,#2368,#2370,#2372,#2374,#2376,#2378,#2380,#2382,#2384,
#2385,#2387,#2389,#2391,#2393,#2395));
#2397=FACE_OUTER_BOUND('',#2396,.F.);
#2398=ADVANCED_FACE('',(#2397),#2365,.T.);
#2399=CARTESIAN_POINT('',(-2.035E0,1.93E0,-8.87E0));
#2400=DIRECTION('',(0.E0,0.E0,1.E0));
#2401=DIRECTION('',(1.E0,0.E0,0.E0));
#2402=AXIS2_PLACEMENT_3D('',#2399,#2400,#2401);
#2403=PLANE('',#2402);
#2404=ORIENTED_EDGE('',*,*,#2083,.F.);
#2406=ORIENTED_EDGE('',*,*,#2405,.T.);
#2408=ORIENTED_EDGE('',*,*,#2407,.T.);
#2410=ORIENTED_EDGE('',*,*,#2409,.F.);
#2411=EDGE_LOOP('',(#2404,#2406,#2408,#2410));
#2412=FACE_OUTER_BOUND('',#2411,.F.);
#2413=ADVANCED_FACE('',(#2412),#2403,.F.);
#2414=CARTESIAN_POINT('',(-2.035E0,1.93E0,-8.87E0));
#2415=DIRECTION('',(0.E0,0.E0,1.E0));
#2416=DIRECTION('',(1.E0,0.E0,0.E0));
#2417=AXIS2_PLACEMENT_3D('',#2414,#2415,#2416);
#2418=PLANE('',#2417);
#2419=ORIENTED_EDGE('',*,*,#2341,.T.);
#2421=ORIENTED_EDGE('',*,*,#2420,.T.);
#2423=ORIENTED_EDGE('',*,*,#2422,.F.);
#2424=ORIENTED_EDGE('',*,*,#2390,.F.);
#2426=ORIENTED_EDGE('',*,*,#2425,.T.);
#2428=ORIENTED_EDGE('',*,*,#2427,.T.);
#2430=ORIENTED_EDGE('',*,*,#2429,.F.);
#2431=ORIENTED_EDGE('',*,*,#2375,.F.);
#2433=ORIENTED_EDGE('',*,*,#2432,.T.);
#2435=ORIENTED_EDGE('',*,*,#2434,.T.);
#2437=ORIENTED_EDGE('',*,*,#2436,.F.);
#2438=ORIENTED_EDGE('',*,*,#2367,.F.);
#2439=EDGE_LOOP('',(#2419,#2421,#2423,#2424,#2426,#2428,#2430,#2431,#2433,#2435,
#2437,#2438));
#2440=FACE_OUTER_BOUND('',#2439,.F.);
#2441=ADVANCED_FACE('',(#2440),#2418,.F.);
#2442=CARTESIAN_POINT('',(-2.035E0,1.93E0,-9.24E0));
#2443=DIRECTION('',(-1.E0,0.E0,0.E0));
#2444=DIRECTION('',(0.E0,0.E0,1.E0));
#2445=AXIS2_PLACEMENT_3D('',#2442,#2443,#2444);
#2446=PLANE('',#2445);
#2447=ORIENTED_EDGE('',*,*,#2081,.F.);
#2449=ORIENTED_EDGE('',*,*,#2448,.F.);
#2451=ORIENTED_EDGE('',*,*,#2450,.T.);
#2452=ORIENTED_EDGE('',*,*,#2405,.F.);
#2453=EDGE_LOOP('',(#2447,#2449,#2451,#2452));
#2454=FACE_OUTER_BOUND('',#2453,.F.);
#2455=ADVANCED_FACE('',(#2454),#2446,.F.);
#2456=CARTESIAN_POINT('',(-2.035E0,1.93E0,-9.24E0));
#2457=DIRECTION('',(-1.E0,0.E0,0.E0));
#2458=DIRECTION('',(0.E0,0.E0,1.E0));
#2459=AXIS2_PLACEMENT_3D('',#2456,#2457,#2458);
#2460=PLANE('',#2459);
#2462=ORIENTED_EDGE('',*,*,#2461,.T.);
#2463=ORIENTED_EDGE('',*,*,#2425,.F.);
#2464=ORIENTED_EDGE('',*,*,#2388,.F.);
#2466=ORIENTED_EDGE('',*,*,#2465,.F.);
#2467=EDGE_LOOP('',(#2462,#2463,#2464,#2466));
#2468=FACE_OUTER_BOUND('',#2467,.F.);
#2469=ADVANCED_FACE('',(#2468),#2460,.F.);
#2470=CARTESIAN_POINT('',(-3.5E0,1.29E0,-9.24E0));
#2471=DIRECTION('',(0.E0,0.E0,-1.E0));
#2472=DIRECTION('',(0.E0,1.E0,0.E0));
#2473=AXIS2_PLACEMENT_3D('',#2470,#2471,#2472);
#2474=PLANE('',#2473);
#2475=ORIENTED_EDGE('',*,*,#2448,.T.);
#2476=ORIENTED_EDGE('',*,*,#2079,.F.);
#2477=ORIENTED_EDGE('',*,*,#2054,.F.);
#2479=ORIENTED_EDGE('',*,*,#2478,.T.);
#2480=EDGE_LOOP('',(#2475,#2476,#2477,#2479));
#2481=FACE_OUTER_BOUND('',#2480,.F.);
#2482=ADVANCED_FACE('',(#2481),#2474,.T.);
#2483=CARTESIAN_POINT('',(-3.5E0,1.29E0,-9.24E0));
#2484=DIRECTION('',(0.E0,0.E0,-1.E0));
#2485=DIRECTION('',(0.E0,1.E0,0.E0));
#2486=AXIS2_PLACEMENT_3D('',#2483,#2484,#2485);
#2487=PLANE('',#2486);
#2489=ORIENTED_EDGE('',*,*,#2488,.F.);
#2491=ORIENTED_EDGE('',*,*,#2490,.T.);
#2493=ORIENTED_EDGE('',*,*,#2492,.T.);
#2494=ORIENTED_EDGE('',*,*,#2087,.F.);
#2495=EDGE_LOOP('',(#2489,#2491,#2493,#2494));
#2496=FACE_OUTER_BOUND('',#2495,.F.);
#2497=ADVANCED_FACE('',(#2496),#2487,.T.);
#2498=CARTESIAN_POINT('',(-3.5E0,1.29E0,-8.11E0));
#2499=DIRECTION('',(0.E0,-1.E0,0.E0));
#2500=DIRECTION('',(0.E0,0.E0,-1.E0));
#2501=AXIS2_PLACEMENT_3D('',#2498,#2499,#2500);
#2502=PLANE('',#2501);
#2503=ORIENTED_EDGE('',*,*,#2450,.F.);
#2504=ORIENTED_EDGE('',*,*,#2478,.F.);
#2505=ORIENTED_EDGE('',*,*,#2052,.F.);
#2507=ORIENTED_EDGE('',*,*,#2506,.T.);
#2509=ORIENTED_EDGE('',*,*,#2508,.T.);
#2510=ORIENTED_EDGE('',*,*,#2490,.F.);
#2512=ORIENTED_EDGE('',*,*,#2511,.T.);
#2513=ORIENTED_EDGE('',*,*,#2407,.F.);
#2514=EDGE_LOOP('',(#2503,#2504,#2505,#2507,#2509,#2510,#2512,#2513));
#2515=FACE_OUTER_BOUND('',#2514,.F.);
#2516=ADVANCED_FACE('',(#2515),#2502,.T.);
#2517=CARTESIAN_POINT('',(-3.5E0,-1.29E0,-8.11E0));
#2518=DIRECTION('',(0.E0,0.E0,-1.E0));
#2519=DIRECTION('',(0.E0,1.E0,0.E0));
#2520=AXIS2_PLACEMENT_3D('',#2517,#2518,#2519);
#2521=PLANE('',#2520);
#2522=ORIENTED_EDGE('',*,*,#2050,.F.);
#2523=ORIENTED_EDGE('',*,*,#2383,.T.);
#2525=ORIENTED_EDGE('',*,*,#2524,.T.);
#2526=ORIENTED_EDGE('',*,*,#2506,.F.);
#2527=EDGE_LOOP('',(#2522,#2523,#2525,#2526));
#2528=FACE_OUTER_BOUND('',#2527,.F.);
#2530=ORIENTED_EDGE('',*,*,#2529,.T.);
#2532=ORIENTED_EDGE('',*,*,#2531,.F.);
#2534=ORIENTED_EDGE('',*,*,#2533,.T.);
#2536=ORIENTED_EDGE('',*,*,#2535,.T.);
#2537=EDGE_LOOP('',(#2530,#2532,#2534,#2536));
#2538=FACE_BOUND('',#2537,.F.);
#2539=ORIENTED_EDGE('',*,*,#2319,.T.);
#2541=ORIENTED_EDGE('',*,*,#2540,.F.);
#2543=ORIENTED_EDGE('',*,*,#2542,.F.);
#2545=ORIENTED_EDGE('',*,*,#2544,.T.);
#2546=EDGE_LOOP('',(#2539,#2541,#2543,#2545));
#2547=FACE_BOUND('',#2546,.F.);
#2548=ADVANCED_FACE('',(#2528,#2538,#2547),#2521,.T.);
#2549=CARTESIAN_POINT('',(3.5E0,0.E0,0.E0));
#2550=DIRECTION('',(1.E0,0.E0,0.E0));
#2551=DIRECTION('',(0.E0,-1.E0,0.E0));
#2552=AXIS2_PLACEMENT_3D('',#2549,#2550,#2551);
#2553=PLANE('',#2552);
#2554=ORIENTED_EDGE('',*,*,#2089,.F.);
#2555=ORIENTED_EDGE('',*,*,#2492,.F.);
#2556=ORIENTED_EDGE('',*,*,#2508,.F.);
#2557=ORIENTED_EDGE('',*,*,#2524,.F.);
#2558=ORIENTED_EDGE('',*,*,#2381,.F.);
#2560=ORIENTED_EDGE('',*,*,#2559,.F.);
#2562=ORIENTED_EDGE('',*,*,#2561,.F.);
#2563=ORIENTED_EDGE('',*,*,#2201,.F.);
#2564=EDGE_LOOP('',(#2554,#2555,#2556,#2557,#2558,#2560,#2562,#2563));
#2565=FACE_OUTER_BOUND('',#2564,.F.);
#2567=ORIENTED_EDGE('',*,*,#2566,.T.);
#2569=ORIENTED_EDGE('',*,*,#2568,.T.);
#2571=ORIENTED_EDGE('',*,*,#2570,.F.);
#2573=ORIENTED_EDGE('',*,*,#2572,.F.);
#2574=EDGE_LOOP('',(#2567,#2569,#2571,#2573));
#2575=FACE_BOUND('',#2574,.F.);
#2576=ADVANCED_FACE('',(#2565,#2575),#2553,.T.);
#2577=CARTESIAN_POINT('',(-3.5E0,-1.93E0,-9.24E0));
#2578=DIRECTION('',(0.E0,0.E0,-1.E0));
#2579=DIRECTION('',(0.E0,1.E0,0.E0));
#2580=AXIS2_PLACEMENT_3D('',#2577,#2578,#2579);
#2581=PLANE('',#2580);
#2582=ORIENTED_EDGE('',*,*,#2465,.T.);
#2583=ORIENTED_EDGE('',*,*,#2386,.F.);
#2584=ORIENTED_EDGE('',*,*,#2046,.F.);
#2586=ORIENTED_EDGE('',*,*,#2585,.T.);
#2587=EDGE_LOOP('',(#2582,#2583,#2584,#2586));
#2588=FACE_OUTER_BOUND('',#2587,.F.);
#2589=ADVANCED_FACE('',(#2588),#2581,.T.);
#2590=CARTESIAN_POINT('',(-3.5E0,-1.93E0,-9.24E0));
#2591=DIRECTION('',(0.E0,0.E0,-1.E0));
#2592=DIRECTION('',(0.E0,1.E0,0.E0));
#2593=AXIS2_PLACEMENT_3D('',#2590,#2591,#2592);
#2594=PLANE('',#2593);
#2596=ORIENTED_EDGE('',*,*,#2595,.F.);
#2598=ORIENTED_EDGE('',*,*,#2597,.T.);
#2599=ORIENTED_EDGE('',*,*,#2559,.T.);
#2600=ORIENTED_EDGE('',*,*,#2379,.F.);
#2601=EDGE_LOOP('',(#2596,#2598,#2599,#2600));
#2602=FACE_OUTER_BOUND('',#2601,.F.);
#2603=ADVANCED_FACE('',(#2602),#2594,.T.);
#2604=CARTESIAN_POINT('',(-3.5E0,-1.93E0,0.E0));
#2605=DIRECTION('',(0.E0,-1.E0,0.E0));
#2606=DIRECTION('',(0.E0,0.E0,-1.E0));
#2607=AXIS2_PLACEMENT_3D('',#2604,#2605,#2606);
#2608=PLANE('',#2607);
#2609=ORIENTED_EDGE('',*,*,#2461,.F.);
#2610=ORIENTED_EDGE('',*,*,#2585,.F.);
#2611=ORIENTED_EDGE('',*,*,#2044,.F.);
#2612=ORIENTED_EDGE('',*,*,#2203,.T.);
#2613=ORIENTED_EDGE('',*,*,#2561,.T.);
#2614=ORIENTED_EDGE('',*,*,#2597,.F.);
#2616=ORIENTED_EDGE('',*,*,#2615,.T.);
#2617=ORIENTED_EDGE('',*,*,#2427,.F.);
#2618=EDGE_LOOP('',(#2609,#2610,#2611,#2612,#2613,#2614,#2616,#2617));
#2619=FACE_OUTER_BOUND('',#2618,.F.);
#2621=ORIENTED_EDGE('',*,*,#2620,.T.);
#2623=ORIENTED_EDGE('',*,*,#2622,.F.);
#2625=ORIENTED_EDGE('',*,*,#2624,.T.);
#2627=ORIENTED_EDGE('',*,*,#2626,.F.);
#2628=EDGE_LOOP('',(#2621,#2623,#2625,#2627));
#2629=FACE_BOUND('',#2628,.F.);
#2631=ORIENTED_EDGE('',*,*,#2630,.T.);
#2633=ORIENTED_EDGE('',*,*,#2632,.F.);
#2635=ORIENTED_EDGE('',*,*,#2634,.T.);
#2637=ORIENTED_EDGE('',*,*,#2636,.F.);
#2638=EDGE_LOOP('',(#2631,#2633,#2635,#2637));
#2639=FACE_BOUND('',#2638,.F.);
#2640=ADVANCED_FACE('',(#2619,#2629,#2639),#2608,.T.);
#2641=CARTESIAN_POINT('',(2.035E0,1.93E0,-8.87E0));
#2642=DIRECTION('',(1.E0,0.E0,0.E0));
#2643=DIRECTION('',(0.E0,0.E0,-1.E0));
#2644=AXIS2_PLACEMENT_3D('',#2641,#2642,#2643);
#2645=PLANE('',#2644);
#2646=ORIENTED_EDGE('',*,*,#2085,.T.);
#2647=ORIENTED_EDGE('',*,*,#2409,.T.);
#2648=ORIENTED_EDGE('',*,*,#2511,.F.);
#2649=ORIENTED_EDGE('',*,*,#2488,.T.);
#2650=EDGE_LOOP('',(#2646,#2647,#2648,#2649));
#2651=FACE_OUTER_BOUND('',#2650,.F.);
#2652=ADVANCED_FACE('',(#2651),#2645,.F.);
#2653=CARTESIAN_POINT('',(2.035E0,1.93E0,-8.87E0));
#2654=DIRECTION('',(1.E0,0.E0,0.E0));
#2655=DIRECTION('',(0.E0,0.E0,-1.E0));
#2656=AXIS2_PLACEMENT_3D('',#2653,#2654,#2655);
#2657=PLANE('',#2656);
#2658=ORIENTED_EDGE('',*,*,#2615,.F.);
#2659=ORIENTED_EDGE('',*,*,#2595,.T.);
#2660=ORIENTED_EDGE('',*,*,#2377,.T.);
#2661=ORIENTED_EDGE('',*,*,#2429,.T.);
#2662=EDGE_LOOP('',(#2658,#2659,#2660,#2661));
#2663=FACE_OUTER_BOUND('',#2662,.F.);
#2664=ADVANCED_FACE('',(#2663),#2657,.F.);
#2665=CARTESIAN_POINT('',(2.5E-1,-2.13E0,3.374045801880E-2));
#2666=DIRECTION('',(0.E0,0.E0,-1.E0));
#2667=DIRECTION('',(0.E0,1.E0,0.E0));
#2668=AXIS2_PLACEMENT_3D('',#2665,#2666,#2667);
#2669=CYLINDRICAL_SURFACE('',#2668,2.E-1);
#2670=ORIENTED_EDGE('',*,*,#2620,.F.);
#2672=ORIENTED_EDGE('',*,*,#2671,.T.);
#2674=ORIENTED_EDGE('',*,*,#2673,.T.);
#2676=ORIENTED_EDGE('',*,*,#2675,.T.);
#2677=EDGE_LOOP('',(#2670,#2672,#2674,#2676));
#2678=FACE_OUTER_BOUND('',#2677,.F.);
#2679=ADVANCED_FACE('',(#2678),#2669,.F.);
#2680=CARTESIAN_POINT('',(0.E0,0.E0,-1.4E0));
#2681=DIRECTION('',(0.E0,0.E0,-1.E0));
#2682=DIRECTION('',(0.E0,-1.E0,0.E0));
#2683=AXIS2_PLACEMENT_3D('',#2680,#2681,#2682);
#2684=PLANE('',#2683);
#2685=ORIENTED_EDGE('',*,*,#2626,.T.);
#2687=ORIENTED_EDGE('',*,*,#2686,.F.);
#2689=ORIENTED_EDGE('',*,*,#2688,.F.);
#2691=ORIENTED_EDGE('',*,*,#2690,.F.);
#2693=ORIENTED_EDGE('',*,*,#2692,.F.);
#2694=ORIENTED_EDGE('',*,*,#2671,.F.);
#2695=EDGE_LOOP('',(#2685,#2687,#2689,#2691,#2693,#2694));
#2696=FACE_OUTER_BOUND('',#2695,.F.);
#2697=ADVANCED_FACE('',(#2696),#2684,.F.);
#2698=CARTESIAN_POINT('',(0.E0,0.E0,-1.4E0));
#2699=DIRECTION('',(0.E0,0.E0,-1.E0));
#2700=DIRECTION('',(0.E0,-1.E0,0.E0));
#2701=AXIS2_PLACEMENT_3D('',#2698,#2699,#2700);
#2702=PLANE('',#2701);
#2703=ORIENTED_EDGE('',*,*,#2632,.T.);
#2705=ORIENTED_EDGE('',*,*,#2704,.F.);
#2707=ORIENTED_EDGE('',*,*,#2706,.F.);
#2709=ORIENTED_EDGE('',*,*,#2708,.F.);
#2711=ORIENTED_EDGE('',*,*,#2710,.F.);
#2713=ORIENTED_EDGE('',*,*,#2712,.F.);
#2714=EDGE_LOOP('',(#2703,#2705,#2707,#2709,#2711,#2713));
#2715=FACE_OUTER_BOUND('',#2714,.F.);
#2716=ADVANCED_FACE('',(#2715),#2702,.F.);
#2717=CARTESIAN_POINT('',(1.9E0,-2.13E0,-9.270554363863E0));
#2718=DIRECTION('',(0.E0,0.E0,1.E0));
#2719=DIRECTION('',(0.E0,1.E0,0.E0));
#2720=AXIS2_PLACEMENT_3D('',#2717,#2718,#2719);
#2721=CYLINDRICAL_SURFACE('',#2720,2.E-1);
#2722=ORIENTED_EDGE('',*,*,#2624,.F.);
#2724=ORIENTED_EDGE('',*,*,#2723,.T.);
#2726=ORIENTED_EDGE('',*,*,#2725,.T.);
#2727=ORIENTED_EDGE('',*,*,#2686,.T.);
#2728=EDGE_LOOP('',(#2722,#2724,#2726,#2727));
#2729=FACE_OUTER_BOUND('',#2728,.F.);
#2730=ADVANCED_FACE('',(#2729),#2721,.F.);
#2731=CARTESIAN_POINT('',(0.E0,0.E0,-7.8E0));
#2732=DIRECTION('',(0.E0,0.E0,-1.E0));
#2733=DIRECTION('',(0.E0,-1.E0,0.E0));
#2734=AXIS2_PLACEMENT_3D('',#2731,#2732,#2733);
#2735=PLANE('',#2734);
#2737=ORIENTED_EDGE('',*,*,#2736,.T.);
#2738=ORIENTED_EDGE('',*,*,#2723,.F.);
#2739=ORIENTED_EDGE('',*,*,#2622,.T.);
#2740=ORIENTED_EDGE('',*,*,#2675,.F.);
#2742=ORIENTED_EDGE('',*,*,#2741,.T.);
#2744=ORIENTED_EDGE('',*,*,#2743,.T.);
#2745=EDGE_LOOP('',(#2737,#2738,#2739,#2740,#2742,#2744));
#2746=FACE_OUTER_BOUND('',#2745,.F.);
#2747=ADVANCED_FACE('',(#2746),#2735,.T.);
#2748=CARTESIAN_POINT('',(0.E0,0.E0,-7.8E0));
#2749=DIRECTION('',(0.E0,0.E0,-1.E0));
#2750=DIRECTION('',(0.E0,-1.E0,0.E0));
#2751=AXIS2_PLACEMENT_3D('',#2748,#2749,#2750);
#2752=PLANE('',#2751);
#2754=ORIENTED_EDGE('',*,*,#2753,.T.);
#2756=ORIENTED_EDGE('',*,*,#2755,.F.);
#2757=ORIENTED_EDGE('',*,*,#2636,.T.);
#2759=ORIENTED_EDGE('',*,*,#2758,.F.);
#2761=ORIENTED_EDGE('',*,*,#2760,.T.);
#2763=ORIENTED_EDGE('',*,*,#2762,.T.);
#2764=EDGE_LOOP('',(#2754,#2756,#2757,#2759,#2761,#2763));
#2765=FACE_OUTER_BOUND('',#2764,.F.);
#2766=ADVANCED_FACE('',(#2765),#2752,.T.);
#2767=CARTESIAN_POINT('',(1.7E0,-1.93E0,-1.4E0));
#2768=DIRECTION('',(1.E0,0.E0,0.E0));
#2769=DIRECTION('',(0.E0,-1.E0,0.E0));
#2770=AXIS2_PLACEMENT_3D('',#2767,#2768,#2769);
#2771=PLANE('',#2770);
#2772=ORIENTED_EDGE('',*,*,#2725,.F.);
#2773=ORIENTED_EDGE('',*,*,#2736,.F.);
#2775=ORIENTED_EDGE('',*,*,#2774,.T.);
#2777=ORIENTED_EDGE('',*,*,#2776,.T.);
#2778=ORIENTED_EDGE('',*,*,#2688,.T.);
#2779=EDGE_LOOP('',(#2772,#2773,#2775,#2777,#2778));
#2780=FACE_OUTER_BOUND('',#2779,.F.);
#2781=ADVANCED_FACE('',(#2780),#2771,.T.);
#2782=CARTESIAN_POINT('',(1.7E0,-2.44E0,-1.4E0));
#2783=DIRECTION('',(0.E0,-1.E0,0.E0));
#2784=DIRECTION('',(-1.E0,0.E0,0.E0));
#2785=AXIS2_PLACEMENT_3D('',#2782,#2783,#2784);
#2786=PLANE('',#2785);
#2788=ORIENTED_EDGE('',*,*,#2787,.T.);
#2789=ORIENTED_EDGE('',*,*,#2774,.F.);
#2790=ORIENTED_EDGE('',*,*,#2743,.F.);
#2792=ORIENTED_EDGE('',*,*,#2791,.T.);
#2793=EDGE_LOOP('',(#2788,#2789,#2790,#2792));
#2794=FACE_OUTER_BOUND('',#2793,.F.);
#2795=ADVANCED_FACE('',(#2794),#2786,.T.);
#2796=CARTESIAN_POINT('',(1.7E0,-2.44E0,-1.4E0));
#2797=DIRECTION('',(0.E0,-1.E0,0.E0));
#2798=DIRECTION('',(-1.E0,0.E0,0.E0));
#2799=AXIS2_PLACEMENT_3D('',#2796,#2797,#2798);
#2800=PLANE('',#2799);
#2801=ORIENTED_EDGE('',*,*,#2776,.F.);
#2803=ORIENTED_EDGE('',*,*,#2802,.T.);
#2805=ORIENTED_EDGE('',*,*,#2804,.T.);
#2806=ORIENTED_EDGE('',*,*,#2690,.T.);
#2807=EDGE_LOOP('',(#2801,#2803,#2805,#2806));
#2808=FACE_OUTER_BOUND('',#2807,.F.);
#2809=ADVANCED_FACE('',(#2808),#2800,.T.);
#2810=CARTESIAN_POINT('',(4.5E-1,-2.69E0,-4.6E0));
#2811=DIRECTION('',(0.E0,-1.E0,0.E0));
#2812=DIRECTION('',(-1.985488351164E-2,0.E0,-9.998028723707E-1));
#2813=AXIS2_PLACEMENT_3D('',#2810,#2811,#2812);
#2814=TOROIDAL_SURFACE('',#2813,1.25E0,2.5E-1);
#2815=ORIENTED_EDGE('',*,*,#2787,.F.);
#2817=ORIENTED_EDGE('',*,*,#2816,.T.);
#2819=ORIENTED_EDGE('',*,*,#2818,.T.);
#2821=ORIENTED_EDGE('',*,*,#2820,.T.);
#2822=ORIENTED_EDGE('',*,*,#2802,.F.);
#2823=EDGE_LOOP('',(#2815,#2817,#2819,#2821,#2822));
#2824=FACE_OUTER_BOUND('',#2823,.F.);
#2825=ADVANCED_FACE('',(#2824),#2814,.F.);
#2826=CARTESIAN_POINT('',(4.5E-1,-2.44E0,-1.4E0));
#2827=DIRECTION('',(-1.E0,0.E0,0.E0));
#2828=DIRECTION('',(0.E0,1.E0,0.E0));
#2829=AXIS2_PLACEMENT_3D('',#2826,#2827,#2828);
#2830=PLANE('',#2829);
#2831=ORIENTED_EDGE('',*,*,#2804,.F.);
#2832=ORIENTED_EDGE('',*,*,#2820,.F.);
#2834=ORIENTED_EDGE('',*,*,#2833,.T.);
#2836=ORIENTED_EDGE('',*,*,#2835,.T.);
#2838=ORIENTED_EDGE('',*,*,#2837,.F.);
#2840=ORIENTED_EDGE('',*,*,#2839,.F.);
#2842=ORIENTED_EDGE('',*,*,#2841,.F.);
#2844=ORIENTED_EDGE('',*,*,#2843,.T.);
#2846=ORIENTED_EDGE('',*,*,#2845,.T.);
#2848=ORIENTED_EDGE('',*,*,#2847,.T.);
#2850=ORIENTED_EDGE('',*,*,#2849,.T.);
#2852=ORIENTED_EDGE('',*,*,#2851,.T.);
#2854=ORIENTED_EDGE('',*,*,#2853,.F.);
#2855=ORIENTED_EDGE('',*,*,#2816,.F.);
#2856=ORIENTED_EDGE('',*,*,#2791,.F.);
#2857=ORIENTED_EDGE('',*,*,#2741,.F.);
#2858=ORIENTED_EDGE('',*,*,#2673,.F.);
#2859=ORIENTED_EDGE('',*,*,#2692,.T.);
#2860=EDGE_LOOP('',(#2831,#2832,#2834,#2836,#2838,#2840,#2842,#2844,#2846,#2848,
#2850,#2852,#2854,#2855,#2856,#2857,#2858,#2859));
#2861=FACE_OUTER_BOUND('',#2860,.F.);
#2862=ADVANCED_FACE('',(#2861),#2830,.T.);
#2863=CARTESIAN_POINT('',(4.5E-1,-1.93E0,-4.6E0));
#2864=DIRECTION('',(0.E0,-1.E0,0.E0));
#2865=DIRECTION('',(-1.E0,0.E0,0.E0));
#2866=AXIS2_PLACEMENT_3D('',#2863,#2864,#2865);
#2867=CYLINDRICAL_SURFACE('',#2866,1.E0);
#2868=ORIENTED_EDGE('',*,*,#2818,.F.);
#2869=ORIENTED_EDGE('',*,*,#2853,.T.);
#2871=ORIENTED_EDGE('',*,*,#2870,.T.);
#2872=ORIENTED_EDGE('',*,*,#2833,.F.);
#2873=EDGE_LOOP('',(#2868,#2869,#2871,#2872));
#2874=FACE_OUTER_BOUND('',#2873,.F.);
#2875=ADVANCED_FACE('',(#2874),#2867,.T.);
#2876=CARTESIAN_POINT('',(4.5E-1,-4.24E0,-4.6E0));
#2877=DIRECTION('',(0.E0,-1.E0,0.E0));
#2878=DIRECTION('',(0.E0,0.E0,1.E0));
#2879=AXIS2_PLACEMENT_3D('',#2876,#2877,#2878);
#2880=PLANE('',#2879);
#2882=ORIENTED_EDGE('',*,*,#2881,.T.);
#2883=ORIENTED_EDGE('',*,*,#2835,.F.);
#2884=ORIENTED_EDGE('',*,*,#2870,.F.);
#2885=ORIENTED_EDGE('',*,*,#2851,.F.);
#2887=ORIENTED_EDGE('',*,*,#2886,.F.);
#2889=ORIENTED_EDGE('',*,*,#2888,.T.);
#2890=EDGE_LOOP('',(#2882,#2883,#2884,#2885,#2887,#2889));
#2891=FACE_OUTER_BOUND('',#2890,.F.);
#2892=ADVANCED_FACE('',(#2891),#2880,.F.);
#2893=CARTESIAN_POINT('',(4.5E-1,-2.44E0,-3.575E0));
#2894=DIRECTION('',(0.E0,0.E0,-1.E0));
#2895=DIRECTION('',(1.E0,0.E0,0.E0));
#2896=AXIS2_PLACEMENT_3D('',#2893,#2894,#2895);
#2897=PLANE('',#2896);
#2898=ORIENTED_EDGE('',*,*,#2881,.F.);
#2900=ORIENTED_EDGE('',*,*,#2899,.T.);
#2902=ORIENTED_EDGE('',*,*,#2901,.T.);
#2903=ORIENTED_EDGE('',*,*,#2837,.T.);
#2904=EDGE_LOOP('',(#2898,#2900,#2902,#2903));
#2905=FACE_OUTER_BOUND('',#2904,.F.);
#2906=ADVANCED_FACE('',(#2905),#2897,.F.);
#2907=CARTESIAN_POINT('',(4.5E-1,-4.1545E0,-4.6E0));
#2908=DIRECTION('',(0.E0,-1.E0,0.E0));
#2909=DIRECTION('',(0.E0,0.E0,1.E0));
#2910=AXIS2_PLACEMENT_3D('',#2907,#2908,#2909);
#2911=CYLINDRICAL_SURFACE('',#2910,1.3E0);
#2912=ORIENTED_EDGE('',*,*,#2899,.F.);
#2913=ORIENTED_EDGE('',*,*,#2888,.F.);
#2915=ORIENTED_EDGE('',*,*,#2914,.T.);
#2917=ORIENTED_EDGE('',*,*,#2916,.T.);
#2918=EDGE_LOOP('',(#2912,#2913,#2915,#2917));
#2919=FACE_OUTER_BOUND('',#2918,.F.);
#2920=ADVANCED_FACE('',(#2919),#2911,.T.);
#2921=CARTESIAN_POINT('',(1.75E0,-2.44E0,-5.625E0));
#2922=DIRECTION('',(0.E0,0.E0,1.E0));
#2923=DIRECTION('',(-1.E0,0.E0,0.E0));
#2924=AXIS2_PLACEMENT_3D('',#2921,#2922,#2923);
#2925=PLANE('',#2924);
#2927=ORIENTED_EDGE('',*,*,#2926,.T.);
#2928=ORIENTED_EDGE('',*,*,#2914,.F.);
#2929=ORIENTED_EDGE('',*,*,#2886,.T.);
#2930=ORIENTED_EDGE('',*,*,#2849,.F.);
#2931=EDGE_LOOP('',(#2927,#2928,#2929,#2930));
#2932=FACE_OUTER_BOUND('',#2931,.F.);
#2933=ADVANCED_FACE('',(#2932),#2925,.F.);
#2934=CARTESIAN_POINT('',(4.5E-1,-5.311913060636E0,-4.6E0));
#2935=DIRECTION('',(0.E0,1.E0,0.E0));
#2936=DIRECTION('',(0.E0,0.E0,-1.E0));
#2937=AXIS2_PLACEMENT_3D('',#2934,#2935,#2936);
#2938=CONICAL_SURFACE('',#2937,7.850471672167E-1,4.2E1);
#2939=ORIENTED_EDGE('',*,*,#2901,.F.);
#2940=ORIENTED_EDGE('',*,*,#2916,.F.);
#2941=ORIENTED_EDGE('',*,*,#2926,.F.);
#2942=ORIENTED_EDGE('',*,*,#2847,.F.);
#2944=ORIENTED_EDGE('',*,*,#2943,.T.);
#2945=ORIENTED_EDGE('',*,*,#2839,.T.);
#2946=EDGE_LOOP('',(#2939,#2940,#2941,#2942,#2944,#2945));
#2947=FACE_OUTER_BOUND('',#2946,.F.);
#2948=ADVANCED_FACE('',(#2947),#2938,.T.);
#2949=CARTESIAN_POINT('',(4.033148211485E-1,-5.868203167941E0,
-4.878917264945E0));
#2950=CARTESIAN_POINT('',(4.103973584169E-1,-5.926759864357E0,
-4.836603152149E0));
#2951=CARTESIAN_POINT('',(4.213449833628E-1,-5.956285507830E0,
-4.771197349223E0));
#2952=CARTESIAN_POINT('',(4.332679170383E-1,-5.948986391201E0,
-4.699964633987E0));
#2953=CARTESIAN_POINT('',(5.890578788507E-1,-5.868203167941E0,
-4.910006942634E0));
#2954=CARTESIAN_POINT('',(5.679616201738E-1,-5.926759864357E0,
-4.862976262262E0));
#2955=CARTESIAN_POINT('',(5.353526950100E-1,-5.956285507830E0,
-4.790279962878E0));
#2956=CARTESIAN_POINT('',(4.998386859096E-1,-5.948986391201E0,
-4.711107250962E0));
#2957=CARTESIAN_POINT('',(7.327973596209E-1,-5.868203167941E0,
-4.788326980392E0));
#2958=CARTESIAN_POINT('',(6.898946035812E-1,-5.926759864357E0,
-4.759756181477E0));
#2959=CARTESIAN_POINT('',(6.235789225669E-1,-5.956285507830E0,
-4.715593704236E0));
#2960=CARTESIAN_POINT('',(5.513552694653E-1,-5.948986391201E0,
-4.667496853120E0));
#2961=CARTESIAN_POINT('',(7.327973596209E-1,-5.868203167941E0,-4.6E0));
#2962=CARTESIAN_POINT('',(6.898946035812E-1,-5.926759864357E0,-4.6E0));
#2963=CARTESIAN_POINT('',(6.235789225669E-1,-5.956285507830E0,-4.6E0));
#2964=CARTESIAN_POINT('',(5.513552694653E-1,-5.948986391201E0,-4.6E0));
#2965=CARTESIAN_POINT('',(7.327973596209E-1,-5.868203167941E0,
-4.411673019608E0));
#2966=CARTESIAN_POINT('',(6.898946035812E-1,-5.926759864357E0,
-4.440243818523E0));
#2967=CARTESIAN_POINT('',(6.235789225669E-1,-5.956285507830E0,
-4.484406295764E0));
#2968=CARTESIAN_POINT('',(5.513552694653E-1,-5.948986391201E0,
-4.532503146880E0));
#2969=CARTESIAN_POINT('',(5.890578788507E-1,-5.868203167941E0,
-4.289993057366E0));
#2970=CARTESIAN_POINT('',(5.679616201738E-1,-5.926759864357E0,
-4.337023737738E0));
#2971=CARTESIAN_POINT('',(5.353526950100E-1,-5.956285507830E0,
-4.409720037122E0));
#2972=CARTESIAN_POINT('',(4.998386859096E-1,-5.948986391201E0,
-4.488892749038E0));
#2973=CARTESIAN_POINT('',(4.033148211485E-1,-5.868203167941E0,
-4.321082735055E0));
#2974=CARTESIAN_POINT('',(4.103973584169E-1,-5.926759864357E0,
-4.363396847851E0));
#2975=CARTESIAN_POINT('',(4.213449833628E-1,-5.956285507830E0,
-4.428802650777E0));
#2976=CARTESIAN_POINT('',(4.332679170383E-1,-5.948986391201E0,
-4.500035366013E0));
#2977=(BOUNDED_SURFACE()B_SPLINE_SURFACE(3,3,((#2949,#2950,#2951,#2952),(#2953,
#2954,#2955,#2956),(#2957,#2958,#2959,#2960),(#2961,#2962,#2963,#2964),(#2965,
#2966,#2967,#2968),(#2969,#2970,#2971,#2972),(#2973,#2974,#2975,#2976)),
.UNSPECIFIED.,.F.,.F.,.F.)B_SPLINE_SURFACE_WITH_KNOTS((4,3,4),(4,4),(0.E0,1.E0,
2.E0),(0.E0,1.E0),.UNSPECIFIED.)GEOMETRIC_REPRESENTATION_ITEM()RATIONAL_B_SPLINE_SURFACE(((1.300828545198E0,1.186371240129E0,1.186371240129E0,1.300828545198E0),(
9.939284806397E-1,9.064746991663E-1,9.064746991663E-1,9.939284806397E-1),(
9.939284806397E-1,9.064746991663E-1,9.064746991663E-1,9.939284806397E-1),(
1.300828545198E0,1.186371240129E0,1.186371240129E0,1.300828545198E0),(
9.939284806397E-1,9.064746991663E-1,9.064746991663E-1,9.939284806397E-1),(
9.939284806397E-1,9.064746991663E-1,9.064746991663E-1,9.939284806397E-1),(
1.300828545198E0,1.186371240129E0,1.186371240129E0,1.300828545198E0)))REPRESENTATION_ITEM('')SURFACE());
#2978=ORIENTED_EDGE('',*,*,#2845,.F.);
#2980=ORIENTED_EDGE('',*,*,#2979,.T.);
#2981=ORIENTED_EDGE('',*,*,#2841,.T.);
#2982=ORIENTED_EDGE('',*,*,#2943,.F.);
#2983=EDGE_LOOP('',(#2978,#2980,#2981,#2982));
#2984=FACE_OUTER_BOUND('',#2983,.F.);
#2985=ADVANCED_FACE('',(#2984),#2977,.T.);
#2986=CARTESIAN_POINT('',(4.5E-1,-5.95E0,-4.6E0));
#2987=DIRECTION('',(0.E0,-1.E0,0.E0));
#2988=DIRECTION('',(0.E0,0.E0,1.E0));
#2989=AXIS2_PLACEMENT_3D('',#2986,#2987,#2988);
#2990=PLANE('',#2989);
#2991=ORIENTED_EDGE('',*,*,#2843,.F.);
#2992=ORIENTED_EDGE('',*,*,#2979,.F.);
#2993=EDGE_LOOP('',(#2991,#2992));
#2994=FACE_OUTER_BOUND('',#2993,.F.);
#2995=ADVANCED_FACE('',(#2994),#2990,.T.);
#2996=CARTESIAN_POINT('',(-4.5E-1,-1.93E0,-1.4E0));
#2997=DIRECTION('',(1.E0,0.E0,0.E0));
#2998=DIRECTION('',(0.E0,-1.E0,0.E0));
#2999=AXIS2_PLACEMENT_3D('',#2996,#2997,#2998);
#3000=PLANE('',#2999);
#3002=ORIENTED_EDGE('',*,*,#3001,.T.);
#3004=ORIENTED_EDGE('',*,*,#3003,.F.);
#3006=ORIENTED_EDGE('',*,*,#3005,.T.);
#3008=ORIENTED_EDGE('',*,*,#3007,.T.);
#3010=ORIENTED_EDGE('',*,*,#3009,.F.);
#3012=ORIENTED_EDGE('',*,*,#3011,.T.);
#3014=ORIENTED_EDGE('',*,*,#3013,.T.);
#3016=ORIENTED_EDGE('',*,*,#3015,.T.);
#3018=ORIENTED_EDGE('',*,*,#3017,.F.);
#3020=ORIENTED_EDGE('',*,*,#3019,.F.);
#3022=ORIENTED_EDGE('',*,*,#3021,.T.);
#3024=ORIENTED_EDGE('',*,*,#3023,.T.);
#3026=ORIENTED_EDGE('',*,*,#3025,.F.);
#3028=ORIENTED_EDGE('',*,*,#3027,.F.);
#3030=ORIENTED_EDGE('',*,*,#3029,.T.);
#3031=ORIENTED_EDGE('',*,*,#2706,.T.);
#3033=ORIENTED_EDGE('',*,*,#3032,.F.);
#3034=ORIENTED_EDGE('',*,*,#2753,.F.);
#3035=EDGE_LOOP('',(#3002,#3004,#3006,#3008,#3010,#3012,#3014,#3016,#3018,#3020,
#3022,#3024,#3026,#3028,#3030,#3031,#3033,#3034));
#3036=FACE_OUTER_BOUND('',#3035,.F.);
#3037=ADVANCED_FACE('',(#3036),#3000,.T.);
#3038=CARTESIAN_POINT('',(-4.5E-1,-2.44E0,-1.4E0));
#3039=DIRECTION('',(0.E0,-1.E0,0.E0));
#3040=DIRECTION('',(-1.E0,0.E0,0.E0));
#3041=AXIS2_PLACEMENT_3D('',#3038,#3039,#3040);
#3042=PLANE('',#3041);
#3044=ORIENTED_EDGE('',*,*,#3043,.T.);
#3046=ORIENTED_EDGE('',*,*,#3045,.T.);
#3047=ORIENTED_EDGE('',*,*,#2708,.T.);
#3048=ORIENTED_EDGE('',*,*,#3029,.F.);
#3049=EDGE_LOOP('',(#3044,#3046,#3047,#3048));
#3050=FACE_OUTER_BOUND('',#3049,.F.);
#3051=ADVANCED_FACE('',(#3050),#3042,.T.);
#3052=CARTESIAN_POINT('',(-4.5E-1,-2.44E0,-1.4E0));
#3053=DIRECTION('',(0.E0,-1.E0,0.E0));
#3054=DIRECTION('',(-1.E0,0.E0,0.E0));
#3055=AXIS2_PLACEMENT_3D('',#3052,#3053,#3054);
#3056=PLANE('',#3055);
#3058=ORIENTED_EDGE('',*,*,#3057,.T.);
#3060=ORIENTED_EDGE('',*,*,#3059,.T.);
#3061=ORIENTED_EDGE('',*,*,#3001,.F.);
#3062=ORIENTED_EDGE('',*,*,#2762,.F.);
#3063=EDGE_LOOP('',(#3058,#3060,#3061,#3062));
#3064=FACE_OUTER_BOUND('',#3063,.F.);
#3065=ADVANCED_FACE('',(#3064),#3056,.T.);
#3066=CARTESIAN_POINT('',(-4.5E-1,-2.69E0,-4.6E0));
#3067=DIRECTION('',(0.E0,-1.E0,0.E0));
#3068=DIRECTION('',(2.164522322282E-2,0.E0,9.997657147110E-1));
#3069=AXIS2_PLACEMENT_3D('',#3066,#3067,#3068);
#3070=TOROIDAL_SURFACE('',#3069,1.25E0,2.5E-1);
#3071=ORIENTED_EDGE('',*,*,#3043,.F.);
#3072=ORIENTED_EDGE('',*,*,#3027,.T.);
#3074=ORIENTED_EDGE('',*,*,#3073,.T.);
#3075=ORIENTED_EDGE('',*,*,#3003,.T.);
#3076=ORIENTED_EDGE('',*,*,#3059,.F.);
#3077=EDGE_LOOP('',(#3071,#3072,#3074,#3075,#3076));
#3078=FACE_OUTER_BOUND('',#3077,.F.);
#3079=ADVANCED_FACE('',(#3078),#3070,.F.);
#3080=CARTESIAN_POINT('',(-4.5E-1,-1.93E0,-4.6E0));
#3081=DIRECTION('',(0.E0,-1.E0,0.E0));
#3082=DIRECTION('',(-1.E0,0.E0,0.E0));
#3083=AXIS2_PLACEMENT_3D('',#3080,#3081,#3082);
#3084=CYLINDRICAL_SURFACE('',#3083,1.E0);
#3085=ORIENTED_EDGE('',*,*,#3073,.F.);
#3086=ORIENTED_EDGE('',*,*,#3025,.T.);
#3088=ORIENTED_EDGE('',*,*,#3087,.T.);
#3089=ORIENTED_EDGE('',*,*,#3005,.F.);
#3090=EDGE_LOOP('',(#3085,#3086,#3088,#3089));
#3091=FACE_OUTER_BOUND('',#3090,.F.);
#3092=ADVANCED_FACE('',(#3091),#3084,.T.);
#3093=CARTESIAN_POINT('',(-4.5E-1,-4.24E0,-4.6E0));
#3094=DIRECTION('',(0.E0,1.E0,0.E0));
#3095=DIRECTION('',(0.E0,0.E0,1.E0));
#3096=AXIS2_PLACEMENT_3D('',#3093,#3094,#3095);
#3097=PLANE('',#3096);
#3099=ORIENTED_EDGE('',*,*,#3098,.F.);
#3101=ORIENTED_EDGE('',*,*,#3100,.F.);
#3103=ORIENTED_EDGE('',*,*,#3102,.T.);
#3104=ORIENTED_EDGE('',*,*,#3007,.F.);
#3105=ORIENTED_EDGE('',*,*,#3087,.F.);
#3106=ORIENTED_EDGE('',*,*,#3023,.F.);
#3107=EDGE_LOOP('',(#3099,#3101,#3103,#3104,#3105,#3106));
#3108=FACE_OUTER_BOUND('',#3107,.F.);
#3109=ADVANCED_FACE('',(#3108),#3097,.T.);
#3110=CARTESIAN_POINT('',(-1.75E0,-2.44E0,-3.575E0));
#3111=DIRECTION('',(0.E0,0.E0,-1.E0));
#3112=DIRECTION('',(1.E0,0.E0,0.E0));
#3113=AXIS2_PLACEMENT_3D('',#3110,#3111,#3112);
#3114=PLANE('',#3113);
#3116=ORIENTED_EDGE('',*,*,#3115,.F.);
#3118=ORIENTED_EDGE('',*,*,#3117,.T.);
#3119=ORIENTED_EDGE('',*,*,#3098,.T.);
#3120=ORIENTED_EDGE('',*,*,#3021,.F.);
#3121=EDGE_LOOP('',(#3116,#3118,#3119,#3120));
#3122=FACE_OUTER_BOUND('',#3121,.F.);
#3123=ADVANCED_FACE('',(#3122),#3114,.F.);
#3124=CARTESIAN_POINT('',(-4.5E-1,-5.311913060636E0,-4.6E0));
#3125=DIRECTION('',(0.E0,1.E0,0.E0));
#3126=DIRECTION('',(0.E0,0.E0,1.E0));
#3127=AXIS2_PLACEMENT_3D('',#3124,#3125,#3126);
#3128=CONICAL_SURFACE('',#3127,7.850471672167E-1,4.2E1);
#3129=ORIENTED_EDGE('',*,*,#3115,.T.);
#3130=ORIENTED_EDGE('',*,*,#3019,.T.);
#3132=ORIENTED_EDGE('',*,*,#3131,.F.);
#3133=ORIENTED_EDGE('',*,*,#3011,.F.);
#3135=ORIENTED_EDGE('',*,*,#3134,.T.);
#3137=ORIENTED_EDGE('',*,*,#3136,.T.);
#3138=EDGE_LOOP('',(#3129,#3130,#3132,#3133,#3135,#3137));
#3139=FACE_OUTER_BOUND('',#3138,.F.);
#3140=ADVANCED_FACE('',(#3139),#3128,.T.);
#3141=CARTESIAN_POINT('',(-4.332679170383E-1,-5.948986391201E0,
-4.699964633987E0));
#3142=CARTESIAN_POINT('',(-4.213449833628E-1,-5.956285507830E0,
-4.771197349223E0));
#3143=CARTESIAN_POINT('',(-4.103973584169E-1,-5.926759864357E0,
-4.836603152149E0));
#3144=CARTESIAN_POINT('',(-4.033148211485E-1,-5.868203167941E0,
-4.878917264945E0));
#3145=CARTESIAN_POINT('',(-4.998386859096E-1,-5.948986391201E0,
-4.711107250962E0));
#3146=CARTESIAN_POINT('',(-5.353526950100E-1,-5.956285507830E0,
-4.790279962878E0));
#3147=CARTESIAN_POINT('',(-5.679616201738E-1,-5.926759864357E0,
-4.862976262262E0));
#3148=CARTESIAN_POINT('',(-5.890578788507E-1,-5.868203167941E0,
-4.910006942634E0));
#3149=CARTESIAN_POINT('',(-5.513552694653E-1,-5.948986391201E0,
-4.667496853121E0));
#3150=CARTESIAN_POINT('',(-6.235789225669E-1,-5.956285507830E0,
-4.715593704236E0));
#3151=CARTESIAN_POINT('',(-6.898946035812E-1,-5.926759864357E0,
-4.759756181477E0));
#3152=CARTESIAN_POINT('',(-7.327973596209E-1,-5.868203167941E0,
-4.788326980392E0));
#3153=CARTESIAN_POINT('',(-5.513552694653E-1,-5.948986391201E0,-4.6E0));
#3154=CARTESIAN_POINT('',(-6.235789225669E-1,-5.956285507830E0,-4.6E0));
#3155=CARTESIAN_POINT('',(-6.898946035812E-1,-5.926759864357E0,-4.6E0));
#3156=CARTESIAN_POINT('',(-7.327973596209E-1,-5.868203167941E0,-4.6E0));
#3157=CARTESIAN_POINT('',(-5.513552694653E-1,-5.948986391201E0,
-4.532503146880E0));
#3158=CARTESIAN_POINT('',(-6.235789225669E-1,-5.956285507830E0,
-4.484406295764E0));
#3159=CARTESIAN_POINT('',(-6.898946035812E-1,-5.926759864357E0,
-4.440243818523E0));
#3160=CARTESIAN_POINT('',(-7.327973596209E-1,-5.868203167941E0,
-4.411673019608E0));
#3161=CARTESIAN_POINT('',(-4.998386859096E-1,-5.948986391201E0,
-4.488892749038E0));
#3162=CARTESIAN_POINT('',(-5.353526950100E-1,-5.956285507830E0,
-4.409720037122E0));
#3163=CARTESIAN_POINT('',(-5.679616201738E-1,-5.926759864357E0,
-4.337023737738E0));
#3164=CARTESIAN_POINT('',(-5.890578788507E-1,-5.868203167941E0,
-4.289993057366E0));
#3165=CARTESIAN_POINT('',(-4.332679170383E-1,-5.948986391201E0,
-4.500035366013E0));
#3166=CARTESIAN_POINT('',(-4.213449833628E-1,-5.956285507830E0,
-4.428802650777E0));
#3167=CARTESIAN_POINT('',(-4.103973584169E-1,-5.926759864357E0,
-4.363396847851E0));
#3168=CARTESIAN_POINT('',(-4.033148211485E-1,-5.868203167941E0,
-4.321082735055E0));
#3169=(BOUNDED_SURFACE()B_SPLINE_SURFACE(3,3,((#3141,#3142,#3143,#3144),(#3145,
#3146,#3147,#3148),(#3149,#3150,#3151,#3152),(#3153,#3154,#3155,#3156),(#3157,
#3158,#3159,#3160),(#3161,#3162,#3163,#3164),(#3165,#3166,#3167,#3168)),
.UNSPECIFIED.,.F.,.F.,.F.)B_SPLINE_SURFACE_WITH_KNOTS((4,3,4),(4,4),(0.E0,1.E0,
2.E0),(0.E0,1.E0),.UNSPECIFIED.)GEOMETRIC_REPRESENTATION_ITEM()RATIONAL_B_SPLINE_SURFACE(((1.300828545198E0,1.186371240129E0,1.186371240129E0,1.300828545198E0),(
9.939284806397E-1,9.064746991663E-1,9.064746991663E-1,9.939284806397E-1),(
9.939284806397E-1,9.064746991663E-1,9.064746991663E-1,9.939284806397E-1),(
1.300828545198E0,1.186371240129E0,1.186371240129E0,1.300828545198E0),(
9.939284806397E-1,9.064746991663E-1,9.064746991663E-1,9.939284806397E-1),(
9.939284806397E-1,9.064746991663E-1,9.064746991663E-1,9.939284806397E-1),(
1.300828545198E0,1.186371240129E0,1.186371240129E0,1.300828545198E0)))REPRESENTATION_ITEM('')SURFACE());
#3170=ORIENTED_EDGE('',*,*,#3013,.F.);
#3171=ORIENTED_EDGE('',*,*,#3131,.T.);
#3172=ORIENTED_EDGE('',*,*,#3017,.T.);
#3174=ORIENTED_EDGE('',*,*,#3173,.F.);
#3175=EDGE_LOOP('',(#3170,#3171,#3172,#3174));
#3176=FACE_OUTER_BOUND('',#3175,.F.);
#3177=ADVANCED_FACE('',(#3176),#3169,.T.);
#3178=CARTESIAN_POINT('',(-4.5E-1,-5.95E0,-4.6E0));
#3179=DIRECTION('',(0.E0,1.E0,0.E0));
#3180=DIRECTION('',(0.E0,0.E0,1.E0));
#3181=AXIS2_PLACEMENT_3D('',#3178,#3179,#3180);
#3182=PLANE('',#3181);
#3183=ORIENTED_EDGE('',*,*,#3015,.F.);
#3184=ORIENTED_EDGE('',*,*,#3173,.T.);
#3185=EDGE_LOOP('',(#3183,#3184));
#3186=FACE_OUTER_BOUND('',#3185,.F.);
#3187=ADVANCED_FACE('',(#3186),#3182,.F.);
#3188=CARTESIAN_POINT('',(-4.5E-1,-2.44E0,-5.625E0));
#3189=DIRECTION('',(0.E0,0.E0,1.E0));
#3190=DIRECTION('',(-1.E0,0.E0,0.E0));
#3191=AXIS2_PLACEMENT_3D('',#3188,#3189,#3190);
#3192=PLANE('',#3191);
#3193=ORIENTED_EDGE('',*,*,#3102,.F.);
#3195=ORIENTED_EDGE('',*,*,#3194,.F.);
#3196=ORIENTED_EDGE('',*,*,#3134,.F.);
#3197=ORIENTED_EDGE('',*,*,#3009,.T.);
#3198=EDGE_LOOP('',(#3193,#3195,#3196,#3197));
#3199=FACE_OUTER_BOUND('',#3198,.F.);
#3200=ADVANCED_FACE('',(#3199),#3192,.F.);
#3201=CARTESIAN_POINT('',(-4.5E-1,-6.0355E0,-4.6E0));
#3202=DIRECTION('',(0.E0,1.E0,0.E0));
#3203=DIRECTION('',(0.E0,0.E0,1.E0));
#3204=AXIS2_PLACEMENT_3D('',#3201,#3202,#3203);
#3205=CYLINDRICAL_SURFACE('',#3204,1.3E0);
#3206=ORIENTED_EDGE('',*,*,#3117,.F.);
#3207=ORIENTED_EDGE('',*,*,#3136,.F.);
#3208=ORIENTED_EDGE('',*,*,#3194,.T.);
#3209=ORIENTED_EDGE('',*,*,#3100,.T.);
#3210=EDGE_LOOP('',(#3206,#3207,#3208,#3209));
#3211=FACE_OUTER_BOUND('',#3210,.F.);
#3212=ADVANCED_FACE('',(#3211),#3205,.T.);
#3213=CARTESIAN_POINT('',(-1.7E0,-2.44E0,-1.4E0));
#3214=DIRECTION('',(-1.E0,0.E0,0.E0));
#3215=DIRECTION('',(0.E0,1.E0,0.E0));
#3216=AXIS2_PLACEMENT_3D('',#3213,#3214,#3215);
#3217=PLANE('',#3216);
#3219=ORIENTED_EDGE('',*,*,#3218,.F.);
#3220=ORIENTED_EDGE('',*,*,#2710,.T.);
#3221=ORIENTED_EDGE('',*,*,#3045,.F.);
#3222=ORIENTED_EDGE('',*,*,#3057,.F.);
#3223=ORIENTED_EDGE('',*,*,#2760,.F.);
#3224=EDGE_LOOP('',(#3219,#3220,#3221,#3222,#3223));
#3225=FACE_OUTER_BOUND('',#3224,.F.);
#3226=ADVANCED_FACE('',(#3225),#3217,.T.);
#3227=CARTESIAN_POINT('',(-1.9E0,-2.13E0,3.374045801880E-2));
#3228=DIRECTION('',(0.E0,0.E0,-1.E0));
#3229=DIRECTION('',(0.E0,1.E0,0.E0));
#3230=AXIS2_PLACEMENT_3D('',#3227,#3228,#3229);
#3231=CYLINDRICAL_SURFACE('',#3230,2.E-1);
#3232=ORIENTED_EDGE('',*,*,#2634,.F.);
#3233=ORIENTED_EDGE('',*,*,#2712,.T.);
#3234=ORIENTED_EDGE('',*,*,#3218,.T.);
#3235=ORIENTED_EDGE('',*,*,#2758,.T.);
#3236=EDGE_LOOP('',(#3232,#3233,#3234,#3235));
#3237=FACE_OUTER_BOUND('',#3236,.F.);
#3238=ADVANCED_FACE('',(#3237),#3231,.F.);
#3239=CARTESIAN_POINT('',(-2.5E-1,-2.13E0,-9.270554363863E0));
#3240=DIRECTION('',(0.E0,0.E0,1.E0));
#3241=DIRECTION('',(0.E0,1.E0,0.E0));
#3242=AXIS2_PLACEMENT_3D('',#3239,#3240,#3241);
#3243=CYLINDRICAL_SURFACE('',#3242,2.E-1);
#3244=ORIENTED_EDGE('',*,*,#2630,.F.);
#3245=ORIENTED_EDGE('',*,*,#2755,.T.);
#3246=ORIENTED_EDGE('',*,*,#3032,.T.);
#3247=ORIENTED_EDGE('',*,*,#2704,.T.);
#3248=EDGE_LOOP('',(#3244,#3245,#3246,#3247));
#3249=FACE_OUTER_BOUND('',#3248,.F.);
#3250=ADVANCED_FACE('',(#3249),#3243,.F.);
#3251=CARTESIAN_POINT('',(0.E0,-5.E-1,0.E0));
#3252=DIRECTION('',(0.E0,1.E0,0.E0));
#3253=DIRECTION('',(1.E0,0.E0,0.E0));
#3254=AXIS2_PLACEMENT_3D('',#3251,#3252,#3253);
#3255=PLANE('',#3254);
#3257=ORIENTED_EDGE('',*,*,#3256,.T.);
#3259=ORIENTED_EDGE('',*,*,#3258,.T.);
#3260=ORIENTED_EDGE('',*,*,#2566,.F.);
#3262=ORIENTED_EDGE('',*,*,#3261,.T.);
#3263=EDGE_LOOP('',(#3257,#3259,#3260,#3262));
#3264=FACE_OUTER_BOUND('',#3263,.F.);
#3265=ADVANCED_FACE('',(#3264),#3255,.F.);
#3266=CARTESIAN_POINT('',(0.E0,-5.E-1,0.E0));
#3267=DIRECTION('',(0.E0,1.E0,0.E0));
#3268=DIRECTION('',(1.E0,0.E0,0.E0));
#3269=AXIS2_PLACEMENT_3D('',#3266,#3267,#3268);
#3270=PLANE('',#3269);
#3272=ORIENTED_EDGE('',*,*,#3271,.T.);
#3274=ORIENTED_EDGE('',*,*,#3273,.T.);
#3275=ORIENTED_EDGE('',*,*,#2058,.T.);
#3277=ORIENTED_EDGE('',*,*,#3276,.T.);
#3278=EDGE_LOOP('',(#3272,#3274,#3275,#3277));
#3279=FACE_OUTER_BOUND('',#3278,.F.);
#3280=ADVANCED_FACE('',(#3279),#3270,.F.);
#3281=CARTESIAN_POINT('',(3.93E0,-1.E0,-5.55E0));
#3282=DIRECTION('',(-1.E0,0.E0,0.E0));
#3283=DIRECTION('',(0.E0,0.E0,1.E0));
#3284=AXIS2_PLACEMENT_3D('',#3281,#3282,#3283);
#3285=PLANE('',#3284);
#3286=ORIENTED_EDGE('',*,*,#3256,.F.);
#3288=ORIENTED_EDGE('',*,*,#3287,.F.);
#3290=ORIENTED_EDGE('',*,*,#3289,.F.);
#3292=ORIENTED_EDGE('',*,*,#3291,.T.);
#3294=ORIENTED_EDGE('',*,*,#3293,.T.);
#3296=ORIENTED_EDGE('',*,*,#3295,.F.);
#3298=ORIENTED_EDGE('',*,*,#3297,.T.);
#3300=ORIENTED_EDGE('',*,*,#3299,.F.);
#3301=EDGE_LOOP('',(#3286,#3288,#3290,#3292,#3294,#3296,#3298,#3300));
#3302=FACE_OUTER_BOUND('',#3301,.F.);
#3303=ADVANCED_FACE('',(#3302),#3285,.T.);
#3304=CARTESIAN_POINT('',(3.5E0,-5.E-1,-3.05E0));
#3305=DIRECTION('',(0.E0,0.E0,1.E0));
#3306=DIRECTION('',(1.E0,0.E0,0.E0));
#3307=AXIS2_PLACEMENT_3D('',#3304,#3305,#3306);
#3308=PLANE('',#3307);
#3310=ORIENTED_EDGE('',*,*,#3309,.T.);
#3312=ORIENTED_EDGE('',*,*,#3311,.F.);
#3313=ORIENTED_EDGE('',*,*,#3287,.T.);
#3314=ORIENTED_EDGE('',*,*,#3261,.F.);
#3315=ORIENTED_EDGE('',*,*,#2572,.T.);
#3317=ORIENTED_EDGE('',*,*,#3316,.T.);
#3318=ORIENTED_EDGE('',*,*,#3295,.T.);
#3320=ORIENTED_EDGE('',*,*,#3319,.T.);
#3321=EDGE_LOOP('',(#3310,#3312,#3313,#3314,#3315,#3317,#3318,#3320));
#3322=FACE_OUTER_BOUND('',#3321,.F.);
#3323=ADVANCED_FACE('',(#3322),#3308,.T.);
#3324=CARTESIAN_POINT('',(4.68E0,0.E0,-3.275166604984E0));
#3325=DIRECTION('',(5.E-1,0.E0,8.660254037844E-1));
#3326=DIRECTION('',(0.E0,-1.E0,0.E0));
#3327=AXIS2_PLACEMENT_3D('',#3324,#3325,#3326);
#3328=PLANE('',#3327);
#3329=ORIENTED_EDGE('',*,*,#3309,.F.);
#3331=ORIENTED_EDGE('',*,*,#3330,.F.);
#3333=ORIENTED_EDGE('',*,*,#3332,.T.);
#3335=ORIENTED_EDGE('',*,*,#3334,.T.);
#3336=EDGE_LOOP('',(#3329,#3331,#3333,#3335));
#3337=FACE_OUTER_BOUND('',#3336,.F.);
#3338=ADVANCED_FACE('',(#3337),#3328,.T.);
#3339=CARTESIAN_POINT('',(4.68E0,7.748333950160E-1,-4.3E0));
#3340=DIRECTION('',(5.E-1,8.660254037844E-1,0.E0));
#3341=DIRECTION('',(0.E0,0.E0,-1.E0));
#3342=AXIS2_PLACEMENT_3D('',#3339,#3340,#3341);
#3343=PLANE('',#3342);
#3345=ORIENTED_EDGE('',*,*,#3344,.F.);
#3346=ORIENTED_EDGE('',*,*,#3330,.T.);
#3348=ORIENTED_EDGE('',*,*,#3347,.T.);
#3350=ORIENTED_EDGE('',*,*,#3349,.T.);
#3351=EDGE_LOOP('',(#3345,#3346,#3348,#3350));
#3352=FACE_OUTER_BOUND('',#3351,.F.);
#3353=ADVANCED_FACE('',(#3352),#3343,.T.);
#3354=CARTESIAN_POINT('',(5.07E0,-1.E0,-3.05E0));
#3355=DIRECTION('',(1.E0,0.E0,0.E0));
#3356=DIRECTION('',(0.E0,0.E0,-1.E0));
#3357=AXIS2_PLACEMENT_3D('',#3354,#3355,#3356);
#3358=PLANE('',#3357);
#3360=ORIENTED_EDGE('',*,*,#3359,.T.);
#3362=ORIENTED_EDGE('',*,*,#3361,.T.);
#3363=ORIENTED_EDGE('',*,*,#3332,.F.);
#3364=ORIENTED_EDGE('',*,*,#3344,.T.);
#3365=EDGE_LOOP('',(#3360,#3362,#3363,#3364));
#3366=FACE_OUTER_BOUND('',#3365,.F.);
#3367=ADVANCED_FACE('',(#3366),#3358,.T.);
#3368=CARTESIAN_POINT('',(4.68E0,0.E0,-5.324833395016E0));
#3369=DIRECTION('',(5.E-1,0.E0,-8.660254037844E-1));
#3370=DIRECTION('',(0.E0,-1.E0,0.E0));
#3371=AXIS2_PLACEMENT_3D('',#3368,#3369,#3370);
#3372=PLANE('',#3371);
#3374=ORIENTED_EDGE('',*,*,#3373,.T.);
#3376=ORIENTED_EDGE('',*,*,#3375,.F.);
#3377=ORIENTED_EDGE('',*,*,#3359,.F.);
#3378=ORIENTED_EDGE('',*,*,#3349,.F.);
#3379=EDGE_LOOP('',(#3374,#3376,#3377,#3378));
#3380=FACE_OUTER_BOUND('',#3379,.F.);
#3381=ADVANCED_FACE('',(#3380),#3372,.T.);
#3382=CARTESIAN_POINT('',(5.07E0,-1.E0,-5.55E0));
#3383=DIRECTION('',(0.E0,0.E0,-1.E0));
#3384=DIRECTION('',(-1.E0,0.E0,0.E0));
#3385=AXIS2_PLACEMENT_3D('',#3382,#3383,#3384);
#3386=PLANE('',#3385);
#3387=ORIENTED_EDGE('',*,*,#3373,.F.);
#3389=ORIENTED_EDGE('',*,*,#3388,.T.);
#3390=ORIENTED_EDGE('',*,*,#3291,.F.);
#3392=ORIENTED_EDGE('',*,*,#3391,.F.);
#3393=EDGE_LOOP('',(#3387,#3389,#3390,#3392));
#3394=FACE_OUTER_BOUND('',#3393,.F.);
#3395=ADVANCED_FACE('',(#3394),#3386,.T.);
#3396=CARTESIAN_POINT('',(0.E0,1.E0,0.E0));
#3397=DIRECTION('',(0.E0,1.E0,0.E0));
#3398=DIRECTION('',(1.E0,0.E0,0.E0));
#3399=AXIS2_PLACEMENT_3D('',#3396,#3397,#3398);
#3400=PLANE('',#3399);
#3402=ORIENTED_EDGE('',*,*,#3401,.F.);
#3404=ORIENTED_EDGE('',*,*,#3403,.F.);
#3406=ORIENTED_EDGE('',*,*,#3405,.F.);
#3408=ORIENTED_EDGE('',*,*,#3407,.F.);
#3409=EDGE_LOOP('',(#3402,#3404,#3406,#3408));
#3410=FACE_OUTER_BOUND('',#3409,.F.);
#3411=ADVANCED_FACE('',(#3410),#3400,.T.);
#3412=CARTESIAN_POINT('',(0.E0,1.E0,0.E0));
#3413=DIRECTION('',(0.E0,1.E0,0.E0));
#3414=DIRECTION('',(1.E0,0.E0,0.E0));
#3415=AXIS2_PLACEMENT_3D('',#3412,#3413,#3414);
#3416=PLANE('',#3415);
#3417=ORIENTED_EDGE('',*,*,#3347,.F.);
#3418=ORIENTED_EDGE('',*,*,#3319,.F.);
#3419=ORIENTED_EDGE('',*,*,#3293,.F.);
#3420=ORIENTED_EDGE('',*,*,#3388,.F.);
#3421=EDGE_LOOP('',(#3417,#3418,#3419,#3420));
#3422=FACE_OUTER_BOUND('',#3421,.F.);
#3423=ADVANCED_FACE('',(#3422),#3416,.T.);
#3424=CARTESIAN_POINT('',(-4.68E0,7.748333950160E-1,-4.9E0));
#3425=DIRECTION('',(-5.E-1,8.660254037844E-1,0.E0));
#3426=DIRECTION('',(0.E0,0.E0,-1.E0));
#3427=AXIS2_PLACEMENT_3D('',#3424,#3425,#3426);
#3428=PLANE('',#3427);
#3430=ORIENTED_EDGE('',*,*,#3429,.F.);
#3432=ORIENTED_EDGE('',*,*,#3431,.T.);
#3433=ORIENTED_EDGE('',*,*,#3401,.T.);
#3435=ORIENTED_EDGE('',*,*,#3434,.T.);
#3436=EDGE_LOOP('',(#3430,#3432,#3433,#3435));
#3437=FACE_OUTER_BOUND('',#3436,.F.);
#3438=ADVANCED_FACE('',(#3437),#3428,.T.);
#3439=CARTESIAN_POINT('',(-5.07E0,-1.E0,-6.15E0));
#3440=DIRECTION('',(-1.E0,0.E0,0.E0));
#3441=DIRECTION('',(0.E0,0.E0,1.E0));
#3442=AXIS2_PLACEMENT_3D('',#3439,#3440,#3441);
#3443=PLANE('',#3442);
#3445=ORIENTED_EDGE('',*,*,#3444,.T.);
#3447=ORIENTED_EDGE('',*,*,#3446,.T.);
#3449=ORIENTED_EDGE('',*,*,#3448,.F.);
#3450=ORIENTED_EDGE('',*,*,#3429,.T.);
#3451=EDGE_LOOP('',(#3445,#3447,#3449,#3450));
#3452=FACE_OUTER_BOUND('',#3451,.F.);
#3453=ADVANCED_FACE('',(#3452),#3443,.T.);
#3454=CARTESIAN_POINT('',(-4.68E0,0.E0,-3.875166604984E0));
#3455=DIRECTION('',(-5.E-1,0.E0,8.660254037844E-1));
#3456=DIRECTION('',(0.E0,-1.E0,0.E0));
#3457=AXIS2_PLACEMENT_3D('',#3454,#3455,#3456);
#3458=PLANE('',#3457);
#3460=ORIENTED_EDGE('',*,*,#3459,.T.);
#3462=ORIENTED_EDGE('',*,*,#3461,.F.);
#3463=ORIENTED_EDGE('',*,*,#3444,.F.);
#3464=ORIENTED_EDGE('',*,*,#3434,.F.);
#3465=EDGE_LOOP('',(#3460,#3462,#3463,#3464));
#3466=FACE_OUTER_BOUND('',#3465,.F.);
#3467=ADVANCED_FACE('',(#3466),#3458,.T.);
#3468=CARTESIAN_POINT('',(-5.07E0,-1.E0,-3.65E0));
#3469=DIRECTION('',(0.E0,0.E0,1.E0));
#3470=DIRECTION('',(1.E0,0.E0,0.E0));
#3471=AXIS2_PLACEMENT_3D('',#3468,#3469,#3470);
#3472=PLANE('',#3471);
#3473=ORIENTED_EDGE('',*,*,#3459,.F.);
#3474=ORIENTED_EDGE('',*,*,#3407,.T.);
#3476=ORIENTED_EDGE('',*,*,#3475,.F.);
#3478=ORIENTED_EDGE('',*,*,#3477,.F.);
#3479=EDGE_LOOP('',(#3473,#3474,#3476,#3478));
#3480=FACE_OUTER_BOUND('',#3479,.F.);
#3481=ADVANCED_FACE('',(#3480),#3472,.T.);
#3482=CARTESIAN_POINT('',(-3.93E0,-1.E0,-3.65E0));
#3483=DIRECTION('',(1.E0,0.E0,0.E0));
#3484=DIRECTION('',(0.E0,0.E0,-1.E0));
#3485=AXIS2_PLACEMENT_3D('',#3482,#3483,#3484);
#3486=PLANE('',#3485);
#3487=ORIENTED_EDGE('',*,*,#3271,.F.);
#3489=ORIENTED_EDGE('',*,*,#3488,.F.);
#3491=ORIENTED_EDGE('',*,*,#3490,.F.);
#3492=ORIENTED_EDGE('',*,*,#3475,.T.);
#3493=ORIENTED_EDGE('',*,*,#3405,.T.);
#3495=ORIENTED_EDGE('',*,*,#3494,.F.);
#3497=ORIENTED_EDGE('',*,*,#3496,.T.);
#3499=ORIENTED_EDGE('',*,*,#3498,.F.);
#3500=EDGE_LOOP('',(#3487,#3489,#3491,#3492,#3493,#3495,#3497,#3499));
#3501=FACE_OUTER_BOUND('',#3500,.F.);
#3502=ADVANCED_FACE('',(#3501),#3486,.T.);
#3503=CARTESIAN_POINT('',(-3.5E0,-5.E-1,-6.15E0));
#3504=DIRECTION('',(0.E0,0.E0,-1.E0));
#3505=DIRECTION('',(-1.E0,0.E0,0.E0));
#3506=AXIS2_PLACEMENT_3D('',#3503,#3504,#3505);
#3507=PLANE('',#3506);
#3509=ORIENTED_EDGE('',*,*,#3508,.T.);
#3511=ORIENTED_EDGE('',*,*,#3510,.F.);
#3512=ORIENTED_EDGE('',*,*,#3488,.T.);
#3513=ORIENTED_EDGE('',*,*,#3276,.F.);
#3514=ORIENTED_EDGE('',*,*,#2064,.T.);
#3516=ORIENTED_EDGE('',*,*,#3515,.T.);
#3517=ORIENTED_EDGE('',*,*,#3494,.T.);
#3518=ORIENTED_EDGE('',*,*,#3403,.T.);
#3519=EDGE_LOOP('',(#3509,#3511,#3512,#3513,#3514,#3516,#3517,#3518));
#3520=FACE_OUTER_BOUND('',#3519,.F.);
#3521=ADVANCED_FACE('',(#3520),#3507,.T.);
#3522=CARTESIAN_POINT('',(-4.68E0,0.E0,-5.924833395016E0));
#3523=DIRECTION('',(-5.E-1,0.E0,-8.660254037844E-1));
#3524=DIRECTION('',(0.E0,-1.E0,0.E0));
#3525=AXIS2_PLACEMENT_3D('',#3522,#3523,#3524);
#3526=PLANE('',#3525);
#3527=ORIENTED_EDGE('',*,*,#3508,.F.);
#3528=ORIENTED_EDGE('',*,*,#3431,.F.);
#3529=ORIENTED_EDGE('',*,*,#3448,.T.);
#3531=ORIENTED_EDGE('',*,*,#3530,.T.);
#3532=EDGE_LOOP('',(#3527,#3528,#3529,#3531));
#3533=FACE_OUTER_BOUND('',#3532,.F.);
#3534=ADVANCED_FACE('',(#3533),#3526,.T.);
#3535=CARTESIAN_POINT('',(-4.68E0,-7.748333950160E-1,-4.9E0));
#3536=DIRECTION('',(-5.E-1,-8.660254037844E-1,0.E0));
#3537=DIRECTION('',(0.E0,0.E0,-1.E0));
#3538=AXIS2_PLACEMENT_3D('',#3535,#3536,#3537);
#3539=PLANE('',#3538);
#3541=ORIENTED_EDGE('',*,*,#3540,.T.);
#3542=ORIENTED_EDGE('',*,*,#3530,.F.);
#3543=ORIENTED_EDGE('',*,*,#3446,.F.);
#3544=ORIENTED_EDGE('',*,*,#3461,.T.);
#3545=EDGE_LOOP('',(#3541,#3542,#3543,#3544));
#3546=FACE_OUTER_BOUND('',#3545,.F.);
#3547=ADVANCED_FACE('',(#3546),#3539,.T.);
#3548=CARTESIAN_POINT('',(0.E0,-1.E0,0.E0));
#3549=DIRECTION('',(0.E0,1.E0,0.E0));
#3550=DIRECTION('',(1.E0,0.E0,0.E0));
#3551=AXIS2_PLACEMENT_3D('',#3548,#3549,#3550);
#3552=PLANE('',#3551);
#3553=ORIENTED_EDGE('',*,*,#3540,.F.);
#3554=ORIENTED_EDGE('',*,*,#3477,.T.);
#3555=ORIENTED_EDGE('',*,*,#3490,.T.);
#3556=ORIENTED_EDGE('',*,*,#3510,.T.);
#3557=EDGE_LOOP('',(#3553,#3554,#3555,#3556));
#3558=FACE_OUTER_BOUND('',#3557,.F.);
#3559=ADVANCED_FACE('',(#3558),#3552,.F.);
#3560=CARTESIAN_POINT('',(0.E0,-1.E0,0.E0));
#3561=DIRECTION('',(0.E0,1.E0,0.E0));
#3562=DIRECTION('',(1.E0,0.E0,0.E0));
#3563=AXIS2_PLACEMENT_3D('',#3560,#3561,#3562);
#3564=PLANE('',#3563);
#3566=ORIENTED_EDGE('',*,*,#3565,.F.);
#3567=ORIENTED_EDGE('',*,*,#3391,.T.);
#3568=ORIENTED_EDGE('',*,*,#3289,.T.);
#3569=ORIENTED_EDGE('',*,*,#3311,.T.);
#3570=EDGE_LOOP('',(#3566,#3567,#3568,#3569));
#3571=FACE_OUTER_BOUND('',#3570,.F.);
#3572=ADVANCED_FACE('',(#3571),#3564,.F.);
#3573=CARTESIAN_POINT('',(4.68E0,-7.748333950160E-1,-4.3E0));
#3574=DIRECTION('',(5.E-1,-8.660254037844E-1,0.E0));
#3575=DIRECTION('',(0.E0,0.E0,-1.E0));
#3576=AXIS2_PLACEMENT_3D('',#3573,#3574,#3575);
#3577=PLANE('',#3576);
#3578=ORIENTED_EDGE('',*,*,#3565,.T.);
#3579=ORIENTED_EDGE('',*,*,#3334,.F.);
#3580=ORIENTED_EDGE('',*,*,#3361,.F.);
#3581=ORIENTED_EDGE('',*,*,#3375,.T.);
#3582=EDGE_LOOP('',(#3578,#3579,#3580,#3581));
#3583=FACE_OUTER_BOUND('',#3582,.F.);
#3584=ADVANCED_FACE('',(#3583),#3577,.T.);
#3585=CARTESIAN_POINT('',(0.E0,5.E-1,0.E0));
#3586=DIRECTION('',(0.E0,1.E0,0.E0));
#3587=DIRECTION('',(1.E0,0.E0,0.E0));
#3588=AXIS2_PLACEMENT_3D('',#3585,#3586,#3587);
#3589=PLANE('',#3588);
#3590=ORIENTED_EDGE('',*,*,#3297,.F.);
#3591=ORIENTED_EDGE('',*,*,#3316,.F.);
#3592=ORIENTED_EDGE('',*,*,#2570,.T.);
#3594=ORIENTED_EDGE('',*,*,#3593,.F.);
#3595=EDGE_LOOP('',(#3590,#3591,#3592,#3594));
#3596=FACE_OUTER_BOUND('',#3595,.F.);
#3597=ADVANCED_FACE('',(#3596),#3589,.T.);
#3598=CARTESIAN_POINT('',(0.E0,5.E-1,0.E0));
#3599=DIRECTION('',(0.E0,1.E0,0.E0));
#3600=DIRECTION('',(1.E0,0.E0,0.E0));
#3601=AXIS2_PLACEMENT_3D('',#3598,#3599,#3600);
#3602=PLANE('',#3601);
#3603=ORIENTED_EDGE('',*,*,#3496,.F.);
#3604=ORIENTED_EDGE('',*,*,#3515,.F.);
#3605=ORIENTED_EDGE('',*,*,#2062,.F.);
#3607=ORIENTED_EDGE('',*,*,#3606,.F.);
#3608=EDGE_LOOP('',(#3603,#3604,#3605,#3607));
#3609=FACE_OUTER_BOUND('',#3608,.F.);
#3610=ADVANCED_FACE('',(#3609),#3602,.T.);
#3611=CARTESIAN_POINT('',(3.93E0,-5.E-1,-5.05E0));
#3612=DIRECTION('',(0.E0,0.E0,-1.E0));
#3613=DIRECTION('',(-1.E0,0.E0,0.E0));
#3614=AXIS2_PLACEMENT_3D('',#3611,#3612,#3613);
#3615=PLANE('',#3614);
#3616=ORIENTED_EDGE('',*,*,#3299,.T.);
#3617=ORIENTED_EDGE('',*,*,#3593,.T.);
#3618=ORIENTED_EDGE('',*,*,#2568,.F.);
#3619=ORIENTED_EDGE('',*,*,#3258,.F.);
#3620=EDGE_LOOP('',(#3616,#3617,#3618,#3619));
#3621=FACE_OUTER_BOUND('',#3620,.F.);
#3622=ADVANCED_FACE('',(#3621),#3615,.T.);
#3623=CARTESIAN_POINT('',(-3.93E0,-5.E-1,-4.15E0));
#3624=DIRECTION('',(0.E0,0.E0,1.E0));
#3625=DIRECTION('',(1.E0,0.E0,0.E0));
#3626=AXIS2_PLACEMENT_3D('',#3623,#3624,#3625);
#3627=PLANE('',#3626);
#3628=ORIENTED_EDGE('',*,*,#3498,.T.);
#3629=ORIENTED_EDGE('',*,*,#3606,.T.);
#3630=ORIENTED_EDGE('',*,*,#2060,.F.);
#3631=ORIENTED_EDGE('',*,*,#3273,.F.);
#3632=EDGE_LOOP('',(#3628,#3629,#3630,#3631));
#3633=FACE_OUTER_BOUND('',#3632,.F.);
#3634=ADVANCED_FACE('',(#3633),#3627,.T.);
#3635=CARTESIAN_POINT('',(1.82E0,0.E0,0.E0));
#3636=DIRECTION('',(1.E0,0.E0,0.E0));
#3637=DIRECTION('',(0.E0,0.E0,-1.E0));
#3638=AXIS2_PLACEMENT_3D('',#3635,#3636,#3637);
#3639=PLANE('',#3638);
#3640=ORIENTED_EDGE('',*,*,#2373,.F.);
#3642=ORIENTED_EDGE('',*,*,#3641,.T.);
#3643=ORIENTED_EDGE('',*,*,#2529,.F.);
#3645=ORIENTED_EDGE('',*,*,#3644,.T.);
#3647=ORIENTED_EDGE('',*,*,#3646,.T.);
#3649=ORIENTED_EDGE('',*,*,#3648,.T.);
#3651=ORIENTED_EDGE('',*,*,#3650,.T.);
#3653=ORIENTED_EDGE('',*,*,#3652,.T.);
#3655=ORIENTED_EDGE('',*,*,#3654,.T.);
#3657=ORIENTED_EDGE('',*,*,#3656,.T.);
#3659=ORIENTED_EDGE('',*,*,#3658,.T.);
#3661=ORIENTED_EDGE('',*,*,#3660,.T.);
#3663=ORIENTED_EDGE('',*,*,#3662,.T.);
#3664=ORIENTED_EDGE('',*,*,#2432,.F.);
#3665=EDGE_LOOP('',(#3640,#3642,#3643,#3645,#3647,#3649,#3651,#3653,#3655,#3657,
#3659,#3661,#3663,#3664));
#3666=FACE_OUTER_BOUND('',#3665,.F.);
#3667=ADVANCED_FACE('',(#3666),#3639,.T.);
#3668=CARTESIAN_POINT('',(1.82E0,0.E0,0.E0));
#3669=DIRECTION('',(1.E0,0.E0,0.E0));
#3670=DIRECTION('',(0.E0,0.E0,-1.E0));
#3671=AXIS2_PLACEMENT_3D('',#3668,#3669,#3670);
#3672=PLANE('',#3671);
#3674=ORIENTED_EDGE('',*,*,#3673,.T.);
#3676=ORIENTED_EDGE('',*,*,#3675,.T.);
#3678=ORIENTED_EDGE('',*,*,#3677,.T.);
#3680=ORIENTED_EDGE('',*,*,#3679,.T.);
#3681=EDGE_LOOP('',(#3674,#3676,#3678,#3680));
#3682=FACE_OUTER_BOUND('',#3681,.F.);
#3683=ADVANCED_FACE('',(#3682),#3672,.T.);
#3684=CARTESIAN_POINT('',(1.82E0,-8.3E-1,-8.11E0));
#3685=DIRECTION('',(0.E0,-7.071067811865E-1,7.071067811865E-1));
#3686=DIRECTION('',(0.E0,-7.071067811865E-1,-7.071067811865E-1));
#3687=AXIS2_PLACEMENT_3D('',#3684,#3685,#3686);
#3688=PLANE('',#3687);
#3689=ORIENTED_EDGE('',*,*,#2531,.T.);
#3690=ORIENTED_EDGE('',*,*,#3641,.F.);
#3691=ORIENTED_EDGE('',*,*,#2371,.F.);
#3693=ORIENTED_EDGE('',*,*,#3692,.T.);
#3694=EDGE_LOOP('',(#3689,#3690,#3691,#3693));
#3695=FACE_OUTER_BOUND('',#3694,.F.);
#3696=ADVANCED_FACE('',(#3695),#3688,.T.);
#3697=CARTESIAN_POINT('',(1.18E0,0.E0,0.E0));
#3698=DIRECTION('',(1.E0,0.E0,0.E0));
#3699=DIRECTION('',(0.E0,0.E0,-1.E0));
#3700=AXIS2_PLACEMENT_3D('',#3697,#3698,#3699);
#3701=PLANE('',#3700);
#3702=ORIENTED_EDGE('',*,*,#2369,.T.);
#3703=ORIENTED_EDGE('',*,*,#2436,.T.);
#3705=ORIENTED_EDGE('',*,*,#3704,.F.);
#3707=ORIENTED_EDGE('',*,*,#3706,.F.);
#3709=ORIENTED_EDGE('',*,*,#3708,.F.);
#3711=ORIENTED_EDGE('',*,*,#3710,.F.);
#3713=ORIENTED_EDGE('',*,*,#3712,.F.);
#3715=ORIENTED_EDGE('',*,*,#3714,.F.);
#3717=ORIENTED_EDGE('',*,*,#3716,.F.);
#3719=ORIENTED_EDGE('',*,*,#3718,.F.);
#3721=ORIENTED_EDGE('',*,*,#3720,.F.);
#3723=ORIENTED_EDGE('',*,*,#3722,.F.);
#3724=ORIENTED_EDGE('',*,*,#2533,.F.);
#3725=ORIENTED_EDGE('',*,*,#3692,.F.);
#3726=EDGE_LOOP('',(#3702,#3703,#3705,#3707,#3709,#3711,#3713,#3715,#3717,#3719,
#3721,#3723,#3724,#3725));
#3727=FACE_OUTER_BOUND('',#3726,.F.);
#3728=ADVANCED_FACE('',(#3727),#3701,.F.);
#3729=CARTESIAN_POINT('',(1.18E0,0.E0,0.E0));
#3730=DIRECTION('',(1.E0,0.E0,0.E0));
#3731=DIRECTION('',(0.E0,0.E0,-1.E0));
#3732=AXIS2_PLACEMENT_3D('',#3729,#3730,#3731);
#3733=PLANE('',#3732);
#3735=ORIENTED_EDGE('',*,*,#3734,.F.);
#3737=ORIENTED_EDGE('',*,*,#3736,.F.);
#3739=ORIENTED_EDGE('',*,*,#3738,.F.);
#3741=ORIENTED_EDGE('',*,*,#3740,.F.);
#3742=EDGE_LOOP('',(#3735,#3737,#3739,#3741));
#3743=FACE_OUTER_BOUND('',#3742,.F.);
#3744=ADVANCED_FACE('',(#3743),#3733,.F.);
#3745=CARTESIAN_POINT('',(1.82E0,-1.772548339959E0,-8.6E0));
#3746=DIRECTION('',(1.E0,0.E0,0.E0));
#3747=DIRECTION('',(0.E0,0.E0,-1.E0));
#3748=AXIS2_PLACEMENT_3D('',#3745,#3746,#3747);
#3749=CYLINDRICAL_SURFACE('',#3748,3.2E-1);
#3750=ORIENTED_EDGE('',*,*,#2434,.F.);
#3751=ORIENTED_EDGE('',*,*,#3662,.F.);
#3753=ORIENTED_EDGE('',*,*,#3752,.F.);
#3754=ORIENTED_EDGE('',*,*,#3704,.T.);
#3755=EDGE_LOOP('',(#3750,#3751,#3753,#3754));
#3756=FACE_OUTER_BOUND('',#3755,.F.);
#3757=ADVANCED_FACE('',(#3756),#3749,.F.);
#3758=CARTESIAN_POINT('',(1.82E0,-2.326804598381E0,-8.92E0));
#3759=DIRECTION('',(1.E0,0.E0,0.E0));
#3760=DIRECTION('',(0.E0,0.E0,-1.E0));
#3761=AXIS2_PLACEMENT_3D('',#3758,#3759,#3760);
#3762=CYLINDRICAL_SURFACE('',#3761,3.2E-1);
#3763=ORIENTED_EDGE('',*,*,#3660,.F.);
#3765=ORIENTED_EDGE('',*,*,#3764,.F.);
#3766=ORIENTED_EDGE('',*,*,#3706,.T.);
#3767=ORIENTED_EDGE('',*,*,#3752,.T.);
#3768=EDGE_LOOP('',(#3763,#3765,#3766,#3767));
#3769=FACE_OUTER_BOUND('',#3768,.F.);
#3770=ADVANCED_FACE('',(#3769),#3762,.T.);
#3771=CARTESIAN_POINT('',(1.82E0,-2.326804598381E0,-8.6E0));
#3772=DIRECTION('',(0.E0,0.E0,1.E0));
#3773=DIRECTION('',(0.E0,-1.E0,0.E0));
#3774=AXIS2_PLACEMENT_3D('',#3771,#3772,#3773);
#3775=PLANE('',#3774);
#3776=ORIENTED_EDGE('',*,*,#3658,.F.);
#3778=ORIENTED_EDGE('',*,*,#3777,.F.);
#3779=ORIENTED_EDGE('',*,*,#3708,.T.);
#3780=ORIENTED_EDGE('',*,*,#3764,.T.);
#3781=EDGE_LOOP('',(#3776,#3778,#3779,#3780));
#3782=FACE_OUTER_BOUND('',#3781,.F.);
#3783=ADVANCED_FACE('',(#3782),#3775,.T.);
#3784=CARTESIAN_POINT('',(1.82E0,-5.49E0,-8.6E0));
#3785=DIRECTION('',(0.E0,-1.E0,0.E0));
#3786=DIRECTION('',(0.E0,0.E0,-1.E0));
#3787=AXIS2_PLACEMENT_3D('',#3784,#3785,#3786);
#3788=PLANE('',#3787);
#3789=ORIENTED_EDGE('',*,*,#3656,.F.);
#3791=ORIENTED_EDGE('',*,*,#3790,.F.);
#3792=ORIENTED_EDGE('',*,*,#3710,.T.);
#3793=ORIENTED_EDGE('',*,*,#3777,.T.);
#3794=EDGE_LOOP('',(#3789,#3791,#3792,#3793));
#3795=FACE_OUTER_BOUND('',#3794,.F.);
#3796=ADVANCED_FACE('',(#3795),#3788,.T.);
#3797=CARTESIAN_POINT('',(1.82E0,-5.49E0,-9.24E0));
#3798=DIRECTION('',(0.E0,0.E0,-1.E0));
#3799=DIRECTION('',(0.E0,1.E0,0.E0));
#3800=AXIS2_PLACEMENT_3D('',#3797,#3798,#3799);
#3801=PLANE('',#3800);
#3802=ORIENTED_EDGE('',*,*,#3654,.F.);
#3804=ORIENTED_EDGE('',*,*,#3803,.F.);
#3805=ORIENTED_EDGE('',*,*,#3712,.T.);
#3806=ORIENTED_EDGE('',*,*,#3790,.T.);
#3807=EDGE_LOOP('',(#3802,#3804,#3805,#3806));
#3808=FACE_OUTER_BOUND('',#3807,.F.);
#3809=ADVANCED_FACE('',(#3808),#3801,.T.);
#3810=CARTESIAN_POINT('',(1.82E0,-2.438200427831E0,-9.39E0));
#3811=DIRECTION('',(1.E0,0.E0,0.E0));
#3812=DIRECTION('',(0.E0,0.E0,-1.E0));
#3813=AXIS2_PLACEMENT_3D('',#3810,#3811,#3812);
#3814=CYLINDRICAL_SURFACE('',#3813,1.5E-1);
#3815=ORIENTED_EDGE('',*,*,#3652,.F.);
#3817=ORIENTED_EDGE('',*,*,#3816,.F.);
#3818=ORIENTED_EDGE('',*,*,#3714,.T.);
#3819=ORIENTED_EDGE('',*,*,#3803,.T.);
#3820=EDGE_LOOP('',(#3815,#3817,#3818,#3819));
#3821=FACE_OUTER_BOUND('',#3820,.F.);
#3822=ADVANCED_FACE('',(#3821),#3814,.F.);
#3823=CARTESIAN_POINT('',(1.82E0,-1.55E0,-8.83E0));
#3824=DIRECTION('',(1.E0,0.E0,0.E0));
#3825=DIRECTION('',(0.E0,0.E0,-1.E0));
#3826=AXIS2_PLACEMENT_3D('',#3823,#3824,#3825);
#3827=CYLINDRICAL_SURFACE('',#3826,9.E-1);
#3828=ORIENTED_EDGE('',*,*,#3650,.F.);
#3830=ORIENTED_EDGE('',*,*,#3829,.F.);
#3831=ORIENTED_EDGE('',*,*,#3716,.T.);
#3832=ORIENTED_EDGE('',*,*,#3816,.T.);
#3833=EDGE_LOOP('',(#3828,#3830,#3831,#3832));
#3834=FACE_OUTER_BOUND('',#3833,.F.);
#3835=ADVANCED_FACE('',(#3834),#3827,.T.);
#3836=CARTESIAN_POINT('',(1.82E0,-9.136038969321E-1,-9.466396103068E0));
#3837=DIRECTION('',(0.E0,7.071067811865E-1,-7.071067811865E-1));
#3838=DIRECTION('',(0.E0,7.071067811865E-1,7.071067811865E-1));
#3839=AXIS2_PLACEMENT_3D('',#3836,#3837,#3838);
#3840=PLANE('',#3839);
#3841=ORIENTED_EDGE('',*,*,#3648,.F.);
#3843=ORIENTED_EDGE('',*,*,#3842,.F.);
#3844=ORIENTED_EDGE('',*,*,#3718,.T.);
#3845=ORIENTED_EDGE('',*,*,#3829,.T.);
#3846=EDGE_LOOP('',(#3841,#3843,#3844,#3845));
#3847=FACE_OUTER_BOUND('',#3846,.F.);
#3848=ADVANCED_FACE('',(#3847),#3840,.T.);
#3849=CARTESIAN_POINT('',(1.82E0,1.027922061358E-1,-8.45E0));
#3850=DIRECTION('',(0.E0,0.E0,-1.E0));
#3851=DIRECTION('',(0.E0,1.E0,0.E0));
#3852=AXIS2_PLACEMENT_3D('',#3849,#3850,#3851);
#3853=PLANE('',#3852);
#3854=ORIENTED_EDGE('',*,*,#3646,.F.);
#3856=ORIENTED_EDGE('',*,*,#3855,.F.);
#3857=ORIENTED_EDGE('',*,*,#3720,.T.);
#3858=ORIENTED_EDGE('',*,*,#3842,.T.);
#3859=EDGE_LOOP('',(#3854,#3856,#3857,#3858));
#3860=FACE_OUTER_BOUND('',#3859,.F.);
#3861=ADVANCED_FACE('',(#3860),#3853,.T.);
#3862=CARTESIAN_POINT('',(1.82E0,4.15E-1,-8.45E0));
#3863=DIRECTION('',(0.E0,1.E0,0.E0));
#3864=DIRECTION('',(0.E0,0.E0,1.E0));
#3865=AXIS2_PLACEMENT_3D('',#3862,#3863,#3864);
#3866=PLANE('',#3865);
#3867=ORIENTED_EDGE('',*,*,#2535,.F.);
#3868=ORIENTED_EDGE('',*,*,#3722,.T.);
#3869=ORIENTED_EDGE('',*,*,#3855,.T.);
#3870=ORIENTED_EDGE('',*,*,#3644,.F.);
#3871=EDGE_LOOP('',(#3867,#3868,#3869,#3870));
#3872=FACE_OUTER_BOUND('',#3871,.F.);
#3873=ADVANCED_FACE('',(#3872),#3866,.T.);
#3874=CARTESIAN_POINT('',(-3.5E0,0.E0,-6.35E0));
#3875=DIRECTION('',(0.E0,0.E0,1.E0));
#3876=DIRECTION('',(1.E0,0.E0,0.E0));
#3877=AXIS2_PLACEMENT_3D('',#3874,#3875,#3876);
#3878=PLANE('',#3877);
#3880=ORIENTED_EDGE('',*,*,#3879,.T.);
#3882=ORIENTED_EDGE('',*,*,#3881,.F.);
#3884=ORIENTED_EDGE('',*,*,#3883,.F.);
#3886=ORIENTED_EDGE('',*,*,#3885,.F.);
#3888=ORIENTED_EDGE('',*,*,#3887,.F.);
#3889=EDGE_LOOP('',(#3880,#3882,#3884,#3886,#3888));
#3890=FACE_OUTER_BOUND('',#3889,.F.);
#3891=ORIENTED_EDGE('',*,*,#3673,.F.);
#3893=ORIENTED_EDGE('',*,*,#3892,.T.);
#3894=ORIENTED_EDGE('',*,*,#3734,.T.);
#3896=ORIENTED_EDGE('',*,*,#3895,.F.);
#3897=EDGE_LOOP('',(#3891,#3893,#3894,#3896));
#3898=FACE_BOUND('',#3897,.F.);
#3899=ADVANCED_FACE('',(#3890,#3898),#3878,.T.);
#3900=CARTESIAN_POINT('',(1.82E0,3.2E-1,-6.35E0));
#3901=DIRECTION('',(0.E0,1.E0,0.E0));
#3902=DIRECTION('',(0.E0,0.E0,1.E0));
#3903=AXIS2_PLACEMENT_3D('',#3900,#3901,#3902);
#3904=PLANE('',#3903);
#3905=ORIENTED_EDGE('',*,*,#3892,.F.);
#3906=ORIENTED_EDGE('',*,*,#3679,.F.);
#3908=ORIENTED_EDGE('',*,*,#3907,.F.);
#3909=ORIENTED_EDGE('',*,*,#3736,.T.);
#3910=EDGE_LOOP('',(#3905,#3906,#3908,#3909));
#3911=FACE_OUTER_BOUND('',#3910,.F.);
#3912=ADVANCED_FACE('',(#3911),#3904,.T.);
#3913=CARTESIAN_POINT('',(1.82E0,3.2E-1,-2.2E0));
#3914=DIRECTION('',(0.E0,0.E0,1.E0));
#3915=DIRECTION('',(0.E0,-1.E0,0.E0));
#3916=AXIS2_PLACEMENT_3D('',#3913,#3914,#3915);
#3917=PLANE('',#3916);
#3918=ORIENTED_EDGE('',*,*,#3677,.F.);
#3920=ORIENTED_EDGE('',*,*,#3919,.F.);
#3921=ORIENTED_EDGE('',*,*,#3738,.T.);
#3922=ORIENTED_EDGE('',*,*,#3907,.T.);
#3923=EDGE_LOOP('',(#3918,#3920,#3921,#3922));
#3924=FACE_OUTER_BOUND('',#3923,.F.);
#3925=ADVANCED_FACE('',(#3924),#3917,.T.);
#3926=CARTESIAN_POINT('',(1.82E0,-3.2E-1,-2.2E0));
#3927=DIRECTION('',(0.E0,-1.E0,0.E0));
#3928=DIRECTION('',(0.E0,0.E0,-1.E0));
#3929=AXIS2_PLACEMENT_3D('',#3926,#3927,#3928);
#3930=PLANE('',#3929);
#3931=ORIENTED_EDGE('',*,*,#3895,.T.);
#3932=ORIENTED_EDGE('',*,*,#3740,.T.);
#3933=ORIENTED_EDGE('',*,*,#3919,.T.);
#3934=ORIENTED_EDGE('',*,*,#3675,.F.);
#3935=EDGE_LOOP('',(#3931,#3932,#3933,#3934));
#3936=FACE_OUTER_BOUND('',#3935,.F.);
#3937=ADVANCED_FACE('',(#3936),#3930,.T.);
#3938=CARTESIAN_POINT('',(8.9E-1,-1.31E0,0.E0));
#3939=DIRECTION('',(7.071067811865E-1,7.071067811865E-1,0.E0));
#3940=DIRECTION('',(-7.071067811865E-1,7.071067811865E-1,0.E0));
#3941=AXIS2_PLACEMENT_3D('',#3938,#3939,#3940);
#3942=PLANE('',#3941);
#3943=ORIENTED_EDGE('',*,*,#3879,.F.);
#3945=ORIENTED_EDGE('',*,*,#3944,.T.);
#3946=ORIENTED_EDGE('',*,*,#2221,.T.);
#3948=ORIENTED_EDGE('',*,*,#3947,.F.);
#3949=EDGE_LOOP('',(#3943,#3945,#3946,#3948));
#3950=FACE_OUTER_BOUND('',#3949,.F.);
#3951=ADVANCED_FACE('',(#3950),#3942,.T.);
#3952=CARTESIAN_POINT('',(1.9E-1,-1.31E0,0.E0));
#3953=DIRECTION('',(0.E0,-1.E0,0.E0));
#3954=DIRECTION('',(1.E0,0.E0,0.E0));
#3955=AXIS2_PLACEMENT_3D('',#3952,#3953,#3954);
#3956=PLANE('',#3955);
#3957=ORIENTED_EDGE('',*,*,#3944,.F.);
#3958=ORIENTED_EDGE('',*,*,#3887,.T.);
#3960=ORIENTED_EDGE('',*,*,#3959,.F.);
#3961=ORIENTED_EDGE('',*,*,#2223,.F.);
#3962=EDGE_LOOP('',(#3957,#3958,#3960,#3961));
#3963=FACE_OUTER_BOUND('',#3962,.F.);
#3964=ADVANCED_FACE('',(#3963),#3956,.F.);
#3965=CARTESIAN_POINT('',(2.81E0,-1.31E0,0.E0));
#3966=DIRECTION('',(1.E0,0.E0,0.E0));
#3967=DIRECTION('',(0.E0,1.E0,0.E0));
#3968=AXIS2_PLACEMENT_3D('',#3965,#3966,#3967);
#3969=PLANE('',#3968);
#3970=ORIENTED_EDGE('',*,*,#2225,.F.);
#3971=ORIENTED_EDGE('',*,*,#3959,.T.);
#3972=ORIENTED_EDGE('',*,*,#3885,.T.);
#3974=ORIENTED_EDGE('',*,*,#3973,.F.);
#3975=EDGE_LOOP('',(#3970,#3971,#3972,#3974));
#3976=FACE_OUTER_BOUND('',#3975,.F.);
#3977=ADVANCED_FACE('',(#3976),#3969,.F.);
#3978=CARTESIAN_POINT('',(2.81E0,1.31E0,0.E0));
#3979=DIRECTION('',(0.E0,1.E0,0.E0));
#3980=DIRECTION('',(-1.E0,0.E0,0.E0));
#3981=AXIS2_PLACEMENT_3D('',#3978,#3979,#3980);
#3982=PLANE('',#3981);
#3983=ORIENTED_EDGE('',*,*,#2227,.F.);
#3984=ORIENTED_EDGE('',*,*,#3973,.T.);
#3985=ORIENTED_EDGE('',*,*,#3883,.T.);
#3987=ORIENTED_EDGE('',*,*,#3986,.F.);
#3988=EDGE_LOOP('',(#3983,#3984,#3985,#3987));
#3989=FACE_OUTER_BOUND('',#3988,.F.);
#3990=ADVANCED_FACE('',(#3989),#3982,.F.);
#3991=CARTESIAN_POINT('',(1.9E-1,1.31E0,0.E0));
#3992=DIRECTION('',(-1.E0,0.E0,0.E0));
#3993=DIRECTION('',(0.E0,-1.E0,0.E0));
#3994=AXIS2_PLACEMENT_3D('',#3991,#3992,#3993);
#3995=PLANE('',#3994);
#3996=ORIENTED_EDGE('',*,*,#3947,.T.);
#3997=ORIENTED_EDGE('',*,*,#2219,.F.);
#3998=ORIENTED_EDGE('',*,*,#3986,.T.);
#3999=ORIENTED_EDGE('',*,*,#3881,.T.);
#4000=EDGE_LOOP('',(#3996,#3997,#3998,#3999));
#4001=FACE_OUTER_BOUND('',#4000,.F.);
#4002=ADVANCED_FACE('',(#4001),#3995,.F.);
#4003=CARTESIAN_POINT('',(-1.18E0,-8.3E-1,-8.11E0));
#4004=DIRECTION('',(0.E0,-7.071067811865E-1,7.071067811865E-1));
#4005=DIRECTION('',(0.E0,-7.071067811865E-1,-7.071067811865E-1));
#4006=AXIS2_PLACEMENT_3D('',#4003,#4004,#4005);
#4007=PLANE('',#4006);
#4008=ORIENTED_EDGE('',*,*,#2540,.T.);
#4009=ORIENTED_EDGE('',*,*,#2317,.F.);
#4010=ORIENTED_EDGE('',*,*,#2394,.F.);
#4012=ORIENTED_EDGE('',*,*,#4011,.T.);
#4013=EDGE_LOOP('',(#4008,#4009,#4010,#4012));
#4014=FACE_OUTER_BOUND('',#4013,.F.);
#4015=ADVANCED_FACE('',(#4014),#4007,.T.);
#4016=CARTESIAN_POINT('',(-1.82E0,0.E0,0.E0));
#4017=DIRECTION('',(1.E0,0.E0,0.E0));
#4018=DIRECTION('',(0.E0,0.E0,-1.E0));
#4019=AXIS2_PLACEMENT_3D('',#4016,#4017,#4018);
#4020=PLANE('',#4019);
#4021=ORIENTED_EDGE('',*,*,#2392,.T.);
#4022=ORIENTED_EDGE('',*,*,#2422,.T.);
#4024=ORIENTED_EDGE('',*,*,#4023,.F.);
#4026=ORIENTED_EDGE('',*,*,#4025,.F.);
#4028=ORIENTED_EDGE('',*,*,#4027,.F.);
#4030=ORIENTED_EDGE('',*,*,#4029,.F.);
#4032=ORIENTED_EDGE('',*,*,#4031,.F.);
#4034=ORIENTED_EDGE('',*,*,#4033,.F.);
#4036=ORIENTED_EDGE('',*,*,#4035,.F.);
#4038=ORIENTED_EDGE('',*,*,#4037,.F.);
#4040=ORIENTED_EDGE('',*,*,#4039,.F.);
#4042=ORIENTED_EDGE('',*,*,#4041,.F.);
#4043=ORIENTED_EDGE('',*,*,#2542,.T.);
#4044=ORIENTED_EDGE('',*,*,#4011,.F.);
#4045=EDGE_LOOP('',(#4021,#4022,#4024,#4026,#4028,#4030,#4032,#4034,#4036,#4038,
#4040,#4042,#4043,#4044));
#4046=FACE_OUTER_BOUND('',#4045,.F.);
#4047=ADVANCED_FACE('',(#4046),#4020,.F.);
#4048=CARTESIAN_POINT('',(-1.82E0,0.E0,0.E0));
#4049=DIRECTION('',(1.E0,0.E0,0.E0));
#4050=DIRECTION('',(0.E0,0.E0,-1.E0));
#4051=AXIS2_PLACEMENT_3D('',#4048,#4049,#4050);
#4052=PLANE('',#4051);
#4053=ORIENTED_EDGE('',*,*,#2303,.F.);
#4055=ORIENTED_EDGE('',*,*,#4054,.F.);
#4057=ORIENTED_EDGE('',*,*,#4056,.F.);
#4059=ORIENTED_EDGE('',*,*,#4058,.F.);
#4060=EDGE_LOOP('',(#4053,#4055,#4057,#4059));
#4061=FACE_OUTER_BOUND('',#4060,.F.);
#4062=ADVANCED_FACE('',(#4061),#4052,.F.);
#4063=CARTESIAN_POINT('',(-1.18E0,-1.772548339959E0,-8.6E0));
#4064=DIRECTION('',(1.E0,0.E0,0.E0));
#4065=DIRECTION('',(0.E0,0.E0,-1.E0));
#4066=AXIS2_PLACEMENT_3D('',#4063,#4064,#4065);
#4067=CYLINDRICAL_SURFACE('',#4066,3.2E-1);
#4068=ORIENTED_EDGE('',*,*,#2420,.F.);
#4069=ORIENTED_EDGE('',*,*,#2339,.F.);
#4071=ORIENTED_EDGE('',*,*,#4070,.F.);
#4072=ORIENTED_EDGE('',*,*,#4023,.T.);
#4073=EDGE_LOOP('',(#4068,#4069,#4071,#4072));
#4074=FACE_OUTER_BOUND('',#4073,.F.);
#4075=ADVANCED_FACE('',(#4074),#4067,.F.);
#4076=CARTESIAN_POINT('',(-1.18E0,-2.326804598381E0,-8.92E0));
#4077=DIRECTION('',(1.E0,0.E0,0.E0));
#4078=DIRECTION('',(0.E0,0.E0,-1.E0));
#4079=AXIS2_PLACEMENT_3D('',#4076,#4077,#4078);
#4080=CYLINDRICAL_SURFACE('',#4079,3.2E-1);
#4081=ORIENTED_EDGE('',*,*,#2337,.F.);
#4083=ORIENTED_EDGE('',*,*,#4082,.F.);
#4084=ORIENTED_EDGE('',*,*,#4025,.T.);
#4085=ORIENTED_EDGE('',*,*,#4070,.T.);
#4086=EDGE_LOOP('',(#4081,#4083,#4084,#4085));
#4087=FACE_OUTER_BOUND('',#4086,.F.);
#4088=ADVANCED_FACE('',(#4087),#4080,.T.);
#4089=CARTESIAN_POINT('',(-1.18E0,-2.326804598381E0,-8.6E0));
#4090=DIRECTION('',(0.E0,0.E0,1.E0));
#4091=DIRECTION('',(0.E0,-1.E0,0.E0));
#4092=AXIS2_PLACEMENT_3D('',#4089,#4090,#4091);
#4093=PLANE('',#4092);
#4094=ORIENTED_EDGE('',*,*,#2335,.F.);
#4096=ORIENTED_EDGE('',*,*,#4095,.F.);
#4097=ORIENTED_EDGE('',*,*,#4027,.T.);
#4098=ORIENTED_EDGE('',*,*,#4082,.T.);
#4099=EDGE_LOOP('',(#4094,#4096,#4097,#4098));
#4100=FACE_OUTER_BOUND('',#4099,.F.);
#4101=ADVANCED_FACE('',(#4100),#4093,.T.);
#4102=CARTESIAN_POINT('',(-1.18E0,-5.49E0,-8.6E0));
#4103=DIRECTION('',(0.E0,-1.E0,0.E0));
#4104=DIRECTION('',(0.E0,0.E0,-1.E0));
#4105=AXIS2_PLACEMENT_3D('',#4102,#4103,#4104);
#4106=PLANE('',#4105);
#4107=ORIENTED_EDGE('',*,*,#2333,.F.);
#4109=ORIENTED_EDGE('',*,*,#4108,.F.);
#4110=ORIENTED_EDGE('',*,*,#4029,.T.);
#4111=ORIENTED_EDGE('',*,*,#4095,.T.);
#4112=EDGE_LOOP('',(#4107,#4109,#4110,#4111));
#4113=FACE_OUTER_BOUND('',#4112,.F.);
#4114=ADVANCED_FACE('',(#4113),#4106,.T.);
#4115=CARTESIAN_POINT('',(-1.18E0,-5.49E0,-9.24E0));
#4116=DIRECTION('',(0.E0,0.E0,-1.E0));
#4117=DIRECTION('',(0.E0,1.E0,0.E0));
#4118=AXIS2_PLACEMENT_3D('',#4115,#4116,#4117);
#4119=PLANE('',#4118);
#4120=ORIENTED_EDGE('',*,*,#2331,.F.);
#4122=ORIENTED_EDGE('',*,*,#4121,.F.);
#4123=ORIENTED_EDGE('',*,*,#4031,.T.);
#4124=ORIENTED_EDGE('',*,*,#4108,.T.);
#4125=EDGE_LOOP('',(#4120,#4122,#4123,#4124));
#4126=FACE_OUTER_BOUND('',#4125,.F.);
#4127=ADVANCED_FACE('',(#4126),#4119,.T.);
#4128=CARTESIAN_POINT('',(-1.18E0,-2.438200427831E0,-9.39E0));
#4129=DIRECTION('',(1.E0,0.E0,0.E0));
#4130=DIRECTION('',(0.E0,0.E0,-1.E0));
#4131=AXIS2_PLACEMENT_3D('',#4128,#4129,#4130);
#4132=CYLINDRICAL_SURFACE('',#4131,1.5E-1);
#4133=ORIENTED_EDGE('',*,*,#2329,.F.);
#4135=ORIENTED_EDGE('',*,*,#4134,.F.);
#4136=ORIENTED_EDGE('',*,*,#4033,.T.);
#4137=ORIENTED_EDGE('',*,*,#4121,.T.);
#4138=EDGE_LOOP('',(#4133,#4135,#4136,#4137));
#4139=FACE_OUTER_BOUND('',#4138,.F.);
#4140=ADVANCED_FACE('',(#4139),#4132,.F.);
#4141=CARTESIAN_POINT('',(-1.18E0,-1.55E0,-8.83E0));
#4142=DIRECTION('',(1.E0,0.E0,0.E0));
#4143=DIRECTION('',(0.E0,0.E0,-1.E0));
#4144=AXIS2_PLACEMENT_3D('',#4141,#4142,#4143);
#4145=CYLINDRICAL_SURFACE('',#4144,9.E-1);
#4146=ORIENTED_EDGE('',*,*,#2327,.F.);
#4148=ORIENTED_EDGE('',*,*,#4147,.F.);
#4149=ORIENTED_EDGE('',*,*,#4035,.T.);
#4150=ORIENTED_EDGE('',*,*,#4134,.T.);
#4151=EDGE_LOOP('',(#4146,#4148,#4149,#4150));
#4152=FACE_OUTER_BOUND('',#4151,.F.);
#4153=ADVANCED_FACE('',(#4152),#4145,.T.);
#4154=CARTESIAN_POINT('',(-1.18E0,-9.136038969321E-1,-9.466396103068E0));
#4155=DIRECTION('',(0.E0,7.071067811865E-1,-7.071067811865E-1));
#4156=DIRECTION('',(0.E0,7.071067811865E-1,7.071067811865E-1));
#4157=AXIS2_PLACEMENT_3D('',#4154,#4155,#4156);
#4158=PLANE('',#4157);
#4159=ORIENTED_EDGE('',*,*,#2325,.F.);
#4161=ORIENTED_EDGE('',*,*,#4160,.F.);
#4162=ORIENTED_EDGE('',*,*,#4037,.T.);
#4163=ORIENTED_EDGE('',*,*,#4147,.T.);
#4164=EDGE_LOOP('',(#4159,#4161,#4162,#4163));
#4165=FACE_OUTER_BOUND('',#4164,.F.);
#4166=ADVANCED_FACE('',(#4165),#4158,.T.);
#4167=CARTESIAN_POINT('',(-1.18E0,1.027922061358E-1,-8.45E0));
#4168=DIRECTION('',(0.E0,0.E0,-1.E0));
#4169=DIRECTION('',(0.E0,1.E0,0.E0));
#4170=AXIS2_PLACEMENT_3D('',#4167,#4168,#4169);
#4171=PLANE('',#4170);
#4172=ORIENTED_EDGE('',*,*,#2323,.F.);
#4174=ORIENTED_EDGE('',*,*,#4173,.F.);
#4175=ORIENTED_EDGE('',*,*,#4039,.T.);
#4176=ORIENTED_EDGE('',*,*,#4160,.T.);
#4177=EDGE_LOOP('',(#4172,#4174,#4175,#4176));
#4178=FACE_OUTER_BOUND('',#4177,.F.);
#4179=ADVANCED_FACE('',(#4178),#4171,.T.);
#4180=CARTESIAN_POINT('',(-1.18E0,4.15E-1,-8.45E0));
#4181=DIRECTION('',(0.E0,1.E0,0.E0));
#4182=DIRECTION('',(0.E0,0.E0,1.E0));
#4183=AXIS2_PLACEMENT_3D('',#4180,#4181,#4182);
#4184=PLANE('',#4183);
#4185=ORIENTED_EDGE('',*,*,#2544,.F.);
#4186=ORIENTED_EDGE('',*,*,#4041,.T.);
#4187=ORIENTED_EDGE('',*,*,#4173,.T.);
#4188=ORIENTED_EDGE('',*,*,#2321,.F.);
#4189=EDGE_LOOP('',(#4185,#4186,#4187,#4188));
#4190=FACE_OUTER_BOUND('',#4189,.F.);
#4191=ADVANCED_FACE('',(#4190),#4184,.T.);
#4192=CARTESIAN_POINT('',(-1.18E0,3.2E-1,-6.35E0));
#4193=DIRECTION('',(0.E0,1.E0,0.E0));
#4194=DIRECTION('',(0.E0,0.E0,1.E0));
#4195=AXIS2_PLACEMENT_3D('',#4192,#4193,#4194);
#4196=PLANE('',#4195);
#4197=ORIENTED_EDGE('',*,*,#2301,.T.);
#4198=ORIENTED_EDGE('',*,*,#2356,.F.);
#4200=ORIENTED_EDGE('',*,*,#4199,.F.);
#4201=ORIENTED_EDGE('',*,*,#4054,.T.);
#4202=EDGE_LOOP('',(#4197,#4198,#4200,#4201));
#4203=FACE_OUTER_BOUND('',#4202,.F.);
#4204=ADVANCED_FACE('',(#4203),#4196,.T.);
#4205=CARTESIAN_POINT('',(-1.18E0,3.2E-1,-2.2E0));
#4206=DIRECTION('',(0.E0,0.E0,1.E0));
#4207=DIRECTION('',(0.E0,-1.E0,0.E0));
#4208=AXIS2_PLACEMENT_3D('',#4205,#4206,#4207);
#4209=PLANE('',#4208);
#4210=ORIENTED_EDGE('',*,*,#2354,.F.);
#4212=ORIENTED_EDGE('',*,*,#4211,.F.);
#4213=ORIENTED_EDGE('',*,*,#4056,.T.);
#4214=ORIENTED_EDGE('',*,*,#4199,.T.);
#4215=EDGE_LOOP('',(#4210,#4212,#4213,#4214));
#4216=FACE_OUTER_BOUND('',#4215,.F.);
#4217=ADVANCED_FACE('',(#4216),#4209,.T.);
#4218=CARTESIAN_POINT('',(-1.18E0,-3.2E-1,-2.2E0));
#4219=DIRECTION('',(0.E0,-1.E0,0.E0));
#4220=DIRECTION('',(0.E0,0.E0,-1.E0));
#4221=AXIS2_PLACEMENT_3D('',#4218,#4219,#4220);
#4222=PLANE('',#4221);
#4223=ORIENTED_EDGE('',*,*,#2305,.F.);
#4224=ORIENTED_EDGE('',*,*,#4058,.T.);
#4225=ORIENTED_EDGE('',*,*,#4211,.T.);
#4226=ORIENTED_EDGE('',*,*,#2352,.F.);
#4227=EDGE_LOOP('',(#4223,#4224,#4225,#4226));
#4228=FACE_OUTER_BOUND('',#4227,.F.);
#4229=ADVANCED_FACE('',(#4228),#4222,.T.);
#4230=CARTESIAN_POINT('',(-1.3E0,0.E0,0.E0));
#4231=DIRECTION('',(1.E0,0.E0,0.E0));
#4232=DIRECTION('',(0.E0,0.E0,-1.E0));
#4233=AXIS2_PLACEMENT_3D('',#4230,#4231,#4232);
#4234=PLANE('',#4233);
#4235=ORIENTED_EDGE('',*,*,#2108,.T.);
#4236=ORIENTED_EDGE('',*,*,#2122,.F.);
#4237=ORIENTED_EDGE('',*,*,#2143,.T.);
#4239=ORIENTED_EDGE('',*,*,#4238,.T.);
#4240=ORIENTED_EDGE('',*,*,#2187,.T.);
#4241=EDGE_LOOP('',(#4235,#4236,#4237,#4239,#4240));
#4242=FACE_OUTER_BOUND('',#4241,.F.);
#4243=ADVANCED_FACE('',(#4242),#4234,.F.);
#4244=CARTESIAN_POINT('',(-1.3E0,3.23E0,-2.95E0));
#4245=DIRECTION('',(0.E0,1.E0,0.E0));
#4246=DIRECTION('',(0.E0,0.E0,1.E0));
#4247=AXIS2_PLACEMENT_3D('',#4244,#4245,#4246);
#4248=PLANE('',#4247);
#4249=ORIENTED_EDGE('',*,*,#4238,.F.);
#4250=ORIENTED_EDGE('',*,*,#2141,.T.);
#4251=ORIENTED_EDGE('',*,*,#2159,.T.);
#4252=ORIENTED_EDGE('',*,*,#2189,.F.);
#4253=EDGE_LOOP('',(#4249,#4250,#4251,#4252));
#4254=FACE_OUTER_BOUND('',#4253,.F.);
#4255=ADVANCED_FACE('',(#4254),#4248,.T.);
#4256=CLOSED_SHELL('',(#2068,#2099,#2114,#2132,#2147,#2163,#2176,#2193,#2231,
#2246,#2260,#2274,#2287,#2309,#2345,#2360,#2398,#2413,#2441,#2455,#2469,#2482,
#2497,#2516,#2548,#2576,#2589,#2603,#2640,#2652,#2664,#2679,#2697,#2716,#2730,
#2747,#2766,#2781,#2795,#2809,#2825,#2862,#2875,#2892,#2906,#2920,#2933,#2948,
#2985,#2995,#3037,#3051,#3065,#3079,#3092,#3109,#3123,#3140,#3177,#3187,#3200,
#3212,#3226,#3238,#3250,#3265,#3280,#3303,#3323,#3338,#3353,#3367,#3381,#3395,
#3411,#3423,#3438,#3453,#3467,#3481,#3502,#3521,#3534,#3547,#3559,#3572,#3584,
#3597,#3610,#3622,#3634,#3667,#3683,#3696,#3728,#3744,#3757,#3770,#3783,#3796,
#3809,#3822,#3835,#3848,#3861,#3873,#3899,#3912,#3925,#3937,#3951,#3964,#3977,
#3990,#4002,#4015,#4047,#4062,#4075,#4088,#4101,#4114,#4127,#4140,#4153,#4166,
#4179,#4191,#4204,#4217,#4229,#4243,#4255));
#4257=MANIFOLD_SOLID_BREP('',#4256);
#4259=DIMENSIONAL_EXPONENTS(0.E0,0.E0,0.E0,0.E0,0.E0,0.E0,0.E0);
#4261=PLANE_ANGLE_MEASURE_WITH_UNIT(PLANE_ANGLE_MEASURE(1.745329251994E-2),
#4260);
#4262=(CONVERSION_BASED_UNIT('DEGREE',#4261)NAMED_UNIT(#4259)PLANE_ANGLE_UNIT(
));
#4264=UNCERTAINTY_MEASURE_WITH_UNIT(LENGTH_MEASURE(1.678611340364E-3),#4258,
'distance_accuracy_value',
'Maximum model space distance between geometric entities at asserted connectivities');
#4265=(GEOMETRIC_REPRESENTATION_CONTEXT(3)GLOBAL_UNCERTAINTY_ASSIGNED_CONTEXT((
#4264))GLOBAL_UNIT_ASSIGNED_CONTEXT((#4258,#4262,#4263))REPRESENTATION_CONTEXT(
'ID1','3'));
#4267=APPLICATION_CONTEXT('automotive_design');
#4268=APPLICATION_PROTOCOL_DEFINITION('international standard',
'automotive_design',2001,#4267);
#4269=PRODUCT_DEFINITION_CONTEXT('part definition',#4267,'design');
#4270=PRODUCT_CONTEXT('',#4267,'mechanical');
#4271=PRODUCT('C-2-1445098-2','C-2-1445098-2','NOT SPECIFIED',(#4270));
#4272=PRODUCT_DEFINITION_FORMATION('1','LAST_VERSION',#4271);
#4280=DERIVED_UNIT_ELEMENT(#4279,2.E0);
#4281=DERIVED_UNIT((#4280));
#4282=MEASURE_REPRESENTATION_ITEM('surface area measure',AREA_MEASURE(
5.267256696932E2),#4281);
#4287=DERIVED_UNIT_ELEMENT(#4286,3.E0);
#4288=DERIVED_UNIT((#4287));
#4289=MEASURE_REPRESENTATION_ITEM('volume measure',VOLUME_MEASURE(
1.872765019933E2),#4288);
#4293=CARTESIAN_POINT('centre point',(3.516703706976E-3,-3.071808547296E-1,
-4.801423184206E0));
#4298=DERIVED_UNIT_ELEMENT(#4297,2.E0);
#4299=DERIVED_UNIT((#4298));
#4300=MEASURE_REPRESENTATION_ITEM('surface area measure',AREA_MEASURE(
5.267256696932E2),#4299);
#4305=DERIVED_UNIT_ELEMENT(#4304,3.E0);
#4306=DERIVED_UNIT((#4305));
#4307=MEASURE_REPRESENTATION_ITEM('volume measure',VOLUME_MEASURE(
1.872765019933E2),#4306);
#4311=CARTESIAN_POINT('centre point',(3.516703706976E-3,-3.071808547296E-1,
-4.801423184206E0));
#4316=PRODUCT_RELATED_PRODUCT_CATEGORY('part','',(#4271));
#4318=GENERAL_PROPERTY('user defined attribute','','');
#4319=GENERAL_PROPERTY_ASSOCIATION('user defined attribute','',#4318,#4317);
#4320=DESCRIPTIVE_REPRESENTATION_ITEM('PART_NO','1445098');
#4324=GENERAL_PROPERTY('user defined attribute','','');
#4325=GENERAL_PROPERTY_ASSOCIATION('user defined attribute','',#4324,#4323);
#4326=DESCRIPTIVE_REPRESENTATION_ITEM('DWG_TITLE',
'RIGHT ANGLE THRU HOLE HEADER ASSY, 0.76 MIC GOLD CONTACTS,');
#4330=GENERAL_PROPERTY('user defined attribute','','');
#4331=GENERAL_PROPERTY_ASSOCIATION('user defined attribute','',#4330,#4329);
#4332=DESCRIPTIVE_REPRESENTATION_ITEM('DWG_TITLE_2',
'W/ PLASTIC HOLDOWNS, SGL ROW, MICRO MATE-N-LOK');
#4336=GENERAL_PROPERTY('user defined attribute','','');
#4337=GENERAL_PROPERTY_ASSOCIATION('user defined attribute','',#4336,#4335);
#4338=DESCRIPTIVE_REPRESENTATION_ITEM('DESC',
'RIGHT ANGLE THRU HOLE HEADER ASSY, 0.76 MIC GOLD CONTACTS, W/ PLASTIC HOLDOWNS, ');
#4342=GENERAL_PROPERTY('user defined attribute','','');
#4343=GENERAL_PROPERTY_ASSOCIATION('user defined attribute','',#4342,#4341);
#4344=DESCRIPTIVE_REPRESENTATION_ITEM('TIR','A');
#4348=GENERAL_PROPERTY('user defined attribute','','');
#4349=GENERAL_PROPERTY_ASSOCIATION('user defined attribute','',#4348,#4347);
#4350=DESCRIPTIVE_REPRESENTATION_ITEM('DOC_STATUS','Active');
#4354=GENERAL_PROPERTY('user defined attribute','','');
#4355=GENERAL_PROPERTY_ASSOCIATION('user defined attribute','',#4354,#4353);
#4356=DESCRIPTIVE_REPRESENTATION_ITEM('MOD_NUM','MOD39006');
#4360=GENERAL_PROPERTY('user defined attribute','','');
#4361=GENERAL_PROPERTY_ASSOCIATION('user defined attribute','',#4360,#4359);
#4362=DESCRIPTIVE_REPRESENTATION_ITEM('PDMREV','1.2+');
#4366=GENERAL_PROPERTY('user defined attribute','','');
#4367=GENERAL_PROPERTY_ASSOCIATION('user defined attribute','',#4366,#4365);
#4368=DESCRIPTIVE_REPRESENTATION_ITEM('PDMDB','');
#4372=GENERAL_PROPERTY('user defined attribute','','');
#4373=GENERAL_PROPERTY_ASSOCIATION('user defined attribute','',#4372,#4371);
#4374=DESCRIPTIVE_REPRESENTATION_ITEM('PDMRL','Complete');
#4378=GENERAL_PROPERTY('user defined attribute','','');
#4379=GENERAL_PROPERTY_ASSOCIATION('user defined attribute','',#4378,#4377);
#4380=DESCRIPTIVE_REPRESENTATION_ITEM('PROI_REVISION','1');
#4384=GENERAL_PROPERTY('user defined attribute','','');
#4385=GENERAL_PROPERTY_ASSOCIATION('user defined attribute','',#4384,#4383);
#4386=DESCRIPTIVE_REPRESENTATION_ITEM('PROI_VERSION','2+');
#4390=GENERAL_PROPERTY('user defined attribute','','');
#4391=GENERAL_PROPERTY_ASSOCIATION('user defined attribute','',#4390,#4389);
#4392=DESCRIPTIVE_REPRESENTATION_ITEM('PROI_BRANCH','main');
#4396=GENERAL_PROPERTY('user defined attribute','','');
#4397=GENERAL_PROPERTY_ASSOCIATION('user defined attribute','',#4396,#4395);
#4398=DESCRIPTIVE_REPRESENTATION_ITEM('PROI_RELEASE','Complete');
#4402=GENERAL_PROPERTY('user defined attribute','','');
#4403=GENERAL_PROPERTY_ASSOCIATION('user defined attribute','',#4402,#4401);
#4404=DESCRIPTIVE_REPRESENTATION_ITEM('PTC_MODIFIED','YES');
#4408=GENERAL_PROPERTY('user defined attribute','','');
#4409=GENERAL_PROPERTY_ASSOCIATION('user defined attribute','',#4408,#4407);
#4410=DESCRIPTIVE_REPRESENTATION_ITEM('PROI_CREATED_BY','FR017010');
#4414=GENERAL_PROPERTY('user defined attribute','','');
#4415=GENERAL_PROPERTY_ASSOCIATION('user defined attribute','',#4414,#4413);
#4416=DESCRIPTIVE_REPRESENTATION_ITEM('PROI_CREATED_ON','07/18/11 10:27:17');
#4420=GENERAL_PROPERTY('user defined attribute','','');
#4421=GENERAL_PROPERTY_ASSOCIATION('user defined attribute','',#4420,#4419);
#4422=DESCRIPTIVE_REPRESENTATION_ITEM('PROI_LOCATION',
'Root Folder/EMCS MOD SVCS/GPL-238');
#4426=GENERAL_PROPERTY('user defined attribute','','');
#4427=GENERAL_PROPERTY_ASSOCIATION('user defined attribute','',#4426,#4425);
#4428=DESCRIPTIVE_REPRESENTATION_ITEM('PTC_COMMON_NAME','');
#4432=GENERAL_PROPERTY('user defined attribute','','');
#4433=GENERAL_PROPERTY_ASSOCIATION('user defined attribute','',#4432,#4431);
#4434=DESCRIPTIVE_REPRESENTATION_ITEM('PART_REV','B');
#4438=GENERAL_PROPERTY('user defined attribute','','');
#4439=GENERAL_PROPERTY_ASSOCIATION('user defined attribute','',#4438,#4437);
#4440=DESCRIPTIVE_REPRESENTATION_ITEM('DOC_LANGUAGE','English');
#4444=GENERAL_PROPERTY('user defined attribute','','');
#4445=GENERAL_PROPERTY_ASSOCIATION('user defined attribute','',#4444,#4443);
#4446=DESCRIPTIVE_REPRESENTATION_ITEM('REASON_DOC_CHANGE','Not Specified');
#4450=GENERAL_PROPERTY('user defined attribute','','');
#4451=GENERAL_PROPERTY_ASSOCIATION('user defined attribute','',#4450,#4449);
#4452=DESCRIPTIVE_REPRESENTATION_ITEM('SEND_WEIGHT','NO');
#94=B_SPLINE_CURVE_WITH_KNOTS('',3,(#82,#83,#84,#85,#86,#87,#88,#89,#90,#91,#92,
#93),.UNSPECIFIED.,.F.,.F.,(4,1,1,1,1,1,1,1,1,4),(0.E0,1.111111111111E-1,
2.222222222222E-1,3.333333333333E-1,4.444444444444E-1,5.555555555556E-1,
6.666666666667E-1,7.777777777778E-1,8.888888888889E-1,1.E0),.UNSPECIFIED.);
#108=B_SPLINE_CURVE_WITH_KNOTS('',3,(#95,#96,#97,#98,#99,#100,#101,#102,#103,
#104,#105,#106,#107),.UNSPECIFIED.,.F.,.F.,(4,1,1,1,1,1,1,1,1,1,4),(0.E0,1.E-1,
2.E-1,3.E-1,4.E-1,5.E-1,6.E-1,7.E-1,8.E-1,9.E-1,1.E0),.UNSPECIFIED.);
#113=CIRCLE('',#112,6.E-1);
#147=B_SPLINE_CURVE_WITH_KNOTS('',3,(#134,#135,#136,#137,#138,#139,#140,#141,
#142,#143,#144,#145,#146),.UNSPECIFIED.,.F.,.F.,(4,1,1,1,1,1,1,1,1,1,4),(0.E0,
1.E-1,2.E-1,3.E-1,4.E-1,5.E-1,6.E-1,7.E-1,8.E-1,9.E-1,1.E0),.UNSPECIFIED.);
#160=B_SPLINE_CURVE_WITH_KNOTS('',3,(#148,#149,#150,#151,#152,#153,#154,#155,
#156,#157,#158,#159),.UNSPECIFIED.,.F.,.F.,(4,1,1,1,1,1,1,1,1,4),(0.E0,
1.111111111111E-1,2.222222222222E-1,3.333333333333E-1,4.444444444444E-1,
5.555555555556E-1,6.666666666667E-1,7.777777777778E-1,8.888888888889E-1,1.E0),
.UNSPECIFIED.);
#281=CIRCLE('',#280,9.E-1);
#286=CIRCLE('',#285,1.5E-1);
#303=CIRCLE('',#302,3.2E-1);
#308=CIRCLE('',#307,3.2E-1);
#581=CIRCLE('',#580,2.E-1);
#586=CIRCLE('',#585,2.E-1);
#623=CIRCLE('',#622,2.E-1);
#628=CIRCLE('',#627,2.E-1);
#669=CIRCLE('',#668,1.25E0);
#682=CIRCLE('',#681,1.25E0);
#687=CIRCLE('',#686,2.5E-1);
#692=CIRCLE('',#691,2.5E-1);
#717=CIRCLE('',#716,2.E-1);
#726=CIRCLE('',#725,2.E-1);
#751=CIRCLE('',#750,1.E0);
#760=CIRCLE('',#759,1.E0);
#773=CIRCLE('',#772,1.3E0);
#786=CIRCLE('',#785,1.3E0);
#795=B_SPLINE_CURVE_WITH_KNOTS('',3,(#787,#788,#789,#790,#791,#792,#793,#794),
.UNSPECIFIED.,.F.,.F.,(4,1,1,1,1,4),(0.E0,2.E-1,4.E-1,6.E-1,8.E-1,1.E0),
.UNSPECIFIED.);
#804=B_SPLINE_CURVE_WITH_KNOTS('',3,(#796,#797,#798,#799,#800,#801,#802,#803),
.UNSPECIFIED.,.F.,.F.,(4,1,1,1,1,4),(0.E0,2.E-1,4.E-1,6.E-1,8.E-1,1.E0),
.UNSPECIFIED.);
#809=CIRCLE('',#808,2.700943344334E-1);
#814=CIRCLE('',#813,1.214653693379E-1);
#835=CIRCLE('',#834,2.E-1);
#844=CIRCLE('',#843,2.E-1);
#865=CIRCLE('',#864,1.25E0);
#874=CIRCLE('',#873,1.25E0);
#883=CIRCLE('',#882,2.5E-1);
#888=CIRCLE('',#887,2.5E-1);
#893=CIRCLE('',#892,1.E0);
#902=CIRCLE('',#901,1.E0);
#919=B_SPLINE_CURVE_WITH_KNOTS('',3,(#911,#912,#913,#914,#915,#916,#917,#918),
.UNSPECIFIED.,.F.,.F.,(4,1,1,1,1,4),(0.E0,2.E-1,4.E-1,6.E-1,8.E-1,1.E0),
.UNSPECIFIED.);
#928=B_SPLINE_CURVE_WITH_KNOTS('',3,(#920,#921,#922,#923,#924,#925,#926,#927),
.UNSPECIFIED.,.F.,.F.,(4,1,1,1,1,4),(0.E0,2.E-1,4.E-1,6.E-1,8.E-1,1.E0),
.UNSPECIFIED.);
#933=CIRCLE('',#932,1.3E0);
#938=CIRCLE('',#937,2.700943344334E-1);
#943=CIRCLE('',#942,1.214653693379E-1);
#956=CIRCLE('',#955,1.3E0);
#973=CIRCLE('',#972,2.E-1);
#978=CIRCLE('',#977,2.E-1);
#983=CIRCLE('',#982,2.E-1);
#988=CIRCLE('',#987,2.E-1);
#1233=CIRCLE('',#1232,9.E-1);
#1238=CIRCLE('',#1237,1.5E-1);
#1255=CIRCLE('',#1254,3.2E-1);
#1260=CIRCLE('',#1259,3.2E-1);
#1277=CIRCLE('',#1276,3.2E-1);
#1282=CIRCLE('',#1281,3.2E-1);
#1299=CIRCLE('',#1298,1.5E-1);
#1304=CIRCLE('',#1303,9.E-1);
#1437=CIRCLE('',#1436,3.2E-1);
#1442=CIRCLE('',#1441,3.2E-1);
#1459=CIRCLE('',#1458,1.5E-1);
#1464=CIRCLE('',#1463,9.E-1);
#1545=CIRCLE('',#1544,6.E-1);
#2040=EDGE_CURVE('',#1564,#1565,#5,.T.);
#2042=EDGE_CURVE('',#1565,#1567,#9,.T.);
#2044=EDGE_CURVE('',#1567,#1569,#13,.T.);
#2046=EDGE_CURVE('',#1569,#1571,#17,.T.);
#2048=EDGE_CURVE('',#1571,#1573,#21,.T.);
#2050=EDGE_CURVE('',#1573,#1575,#25,.T.);
#2052=EDGE_CURVE('',#1575,#1577,#29,.T.);
#2054=EDGE_CURVE('',#1577,#1564,#33,.T.);
#2058=EDGE_CURVE('',#1636,#1637,#37,.T.);
#2060=EDGE_CURVE('',#1636,#1640,#41,.T.);
#2062=EDGE_CURVE('',#1640,#1641,#45,.T.);
#2064=EDGE_CURVE('',#1637,#1641,#49,.T.);
#2074=EDGE_CURVE('',#1716,#1717,#53,.T.);
#2076=EDGE_CURVE('',#1565,#1717,#192,.T.);
#2079=EDGE_CURVE('',#1564,#1596,#57,.T.);
#2081=EDGE_CURVE('',#1596,#1597,#61,.T.);
#2083=EDGE_CURVE('',#1597,#1599,#65,.T.);
#2085=EDGE_CURVE('',#1601,#1599,#69,.T.);
#2087=EDGE_CURVE('',#1601,#1580,#73,.T.);
#2089=EDGE_CURVE('',#1580,#1581,#476,.T.);
#2091=EDGE_CURVE('',#1725,#1581,#188,.T.);
#2093=EDGE_CURVE('',#1725,#1723,#77,.T.);
#2095=EDGE_CURVE('',#1723,#1716,#81,.T.);
#2106=EDGE_CURVE('',#1731,#1716,#108,.T.);
#2108=EDGE_CURVE('',#1727,#1731,#1540,.T.);
#2110=EDGE_CURVE('',#1727,#1717,#94,.T.);
#2120=EDGE_CURVE('',#1720,#1721,#117,.T.);
#2122=EDGE_CURVE('',#1721,#1731,#1545,.T.);
#2126=EDGE_CURVE('',#1732,#1723,#147,.T.);
#2128=EDGE_CURVE('',#1732,#1720,#113,.T.);
#2139=EDGE_CURVE('',#1720,#1632,#121,.T.);
#2141=EDGE_CURVE('',#1628,#1632,#1561,.T.);
#2143=EDGE_CURVE('',#1721,#1628,#1549,.T.);
#2155=EDGE_CURVE('',#1732,#1729,#125,.T.);
#2157=EDGE_CURVE('',#1633,#1729,#129,.T.);
#2159=EDGE_CURVE('',#1632,#1633,#133,.T.);
#2172=EDGE_CURVE('',#1725,#1729,#160,.T.);
#2184=EDGE_CURVE('',#1725,#1717,#164,.T.);
#2187=EDGE_CURVE('',#1629,#1727,#1557,.T.);
#2189=EDGE_CURVE('',#1629,#1633,#168,.T.);
#2201=EDGE_CURVE('',#1581,#1583,#504,.T.);
#2203=EDGE_CURVE('',#1567,#1583,#544,.T.);
#2209=EDGE_CURVE('',#1771,#1772,#172,.T.);
#2211=EDGE_CURVE('',#1772,#1774,#176,.T.);
#2213=EDGE_CURVE('',#1774,#1776,#180,.T.);
#2215=EDGE_CURVE('',#1776,#1771,#184,.T.);
#2219=EDGE_CURVE('',#1760,#1818,#196,.T.);
#2221=EDGE_CURVE('',#1820,#1818,#200,.T.);
#2223=EDGE_CURVE('',#1820,#1757,#204,.T.);
#2225=EDGE_CURVE('',#1757,#1758,#208,.T.);
#2227=EDGE_CURVE('',#1758,#1760,#212,.T.);
#2238=EDGE_CURVE('',#1771,#1763,#216,.T.);
#2240=EDGE_CURVE('',#1763,#1764,#232,.T.);
#2242=EDGE_CURVE('',#1772,#1764,#228,.T.);
#2253=EDGE_CURVE('',#1776,#1768,#220,.T.);
#2255=EDGE_CURVE('',#1768,#1763,#236,.T.);
#2267=EDGE_CURVE('',#1774,#1766,#224,.T.);
#2269=EDGE_CURVE('',#1766,#1768,#240,.T.);
#2282=EDGE_CURVE('',#1764,#1766,#244,.T.);
#2299=EDGE_CURVE('',#1851,#1852,#248,.T.);
#2301=EDGE_CURVE('',#1855,#1851,#252,.T.);
#2303=EDGE_CURVE('',#1855,#1856,#256,.T.);
#2305=EDGE_CURVE('',#1856,#1852,#260,.T.);
#2315=EDGE_CURVE('',#1831,#1832,#324,.T.);
#2317=EDGE_CURVE('',#1831,#1840,#264,.T.);
#2319=EDGE_CURVE('',#1839,#1840,#460,.T.);
#2321=EDGE_CURVE('',#1839,#1981,#268,.T.);
#2323=EDGE_CURVE('',#1981,#1982,#272,.T.);
#2325=EDGE_CURVE('',#1982,#1996,#276,.T.);
#2327=EDGE_CURVE('',#1996,#1994,#281,.T.);
#2329=EDGE_CURVE('',#1994,#1992,#286,.T.);
#2331=EDGE_CURVE('',#1992,#1990,#290,.T.);
#2333=EDGE_CURVE('',#1990,#1988,#294,.T.);
#2335=EDGE_CURVE('',#1988,#1985,#298,.T.);
#2337=EDGE_CURVE('',#1985,#1986,#303,.T.);
#2339=EDGE_CURVE('',#1986,#1846,#308,.T.);
#2341=EDGE_CURVE('',#1832,#1846,#380,.T.);
#2352=EDGE_CURVE('',#1852,#1823,#312,.T.);
#2354=EDGE_CURVE('',#1823,#1824,#316,.T.);
#2356=EDGE_CURVE('',#1824,#1851,#320,.T.);
#2367=EDGE_CURVE('',#1832,#1806,#328,.T.);
#2369=EDGE_CURVE('',#1805,#1806,#332,.T.);
#2371=EDGE_CURVE('',#1805,#1787,#336,.T.);
#2373=EDGE_CURVE('',#1787,#1788,#340,.T.);
#2375=EDGE_CURVE('',#1788,#1617,#344,.T.);
#2377=EDGE_CURVE('',#1613,#1617,#348,.T.);
#2379=EDGE_CURVE('',#1613,#1587,#352,.T.);
#2381=EDGE_CURVE('',#1587,#1589,#492,.T.);
#2383=EDGE_CURVE('',#1573,#1589,#440,.T.);
#2386=EDGE_CURVE('',#1571,#1611,#356,.T.);
#2388=EDGE_CURVE('',#1611,#1615,#360,.T.);
#2390=EDGE_CURVE('',#1615,#1836,#364,.T.);
#2392=EDGE_CURVE('',#1835,#1836,#368,.T.);
#2394=EDGE_CURVE('',#1835,#1831,#372,.T.);
#2405=EDGE_CURVE('',#1597,#1621,#376,.T.);
#2407=EDGE_CURVE('',#1621,#1623,#436,.T.);
#2409=EDGE_CURVE('',#1599,#1623,#572,.T.);
#2420=EDGE_CURVE('',#1846,#1848,#384,.T.);
#2422=EDGE_CURVE('',#1836,#1848,#388,.T.);
#2425=EDGE_CURVE('',#1615,#1605,#392,.T.);
#2427=EDGE_CURVE('',#1605,#1607,#552,.T.);
#2429=EDGE_CURVE('',#1617,#1607,#576,.T.);
#2432=EDGE_CURVE('',#1788,#1794,#396,.T.);
#2434=EDGE_CURVE('',#1794,#1812,#400,.T.);
#2436=EDGE_CURVE('',#1806,#1812,#404,.T.);
#2448=EDGE_CURVE('',#1620,#1596,#408,.T.);
#2450=EDGE_CURVE('',#1620,#1621,#424,.T.);
#2461=EDGE_CURVE('',#1604,#1605,#540,.T.);
#2465=EDGE_CURVE('',#1604,#1611,#524,.T.);
#2478=EDGE_CURVE('',#1577,#1620,#412,.T.);
#2488=EDGE_CURVE('',#1625,#1601,#416,.T.);
#2490=EDGE_CURVE('',#1625,#1593,#420,.T.);
#2492=EDGE_CURVE('',#1593,#1580,#480,.T.);
#2506=EDGE_CURVE('',#1575,#1591,#428,.T.);
#2508=EDGE_CURVE('',#1591,#1593,#484,.T.);
#2511=EDGE_CURVE('',#1625,#1623,#432,.T.);
#2524=EDGE_CURVE('',#1589,#1591,#488,.T.);
#2529=EDGE_CURVE('',#1791,#1792,#444,.T.);
#2531=EDGE_CURVE('',#1809,#1792,#448,.T.);
#2533=EDGE_CURVE('',#1809,#1810,#452,.T.);
#2535=EDGE_CURVE('',#1810,#1791,#456,.T.);
#2540=EDGE_CURVE('',#1844,#1840,#464,.T.);
#2542=EDGE_CURVE('',#1843,#1844,#468,.T.);
#2544=EDGE_CURVE('',#1843,#1839,#472,.T.);
#2559=EDGE_CURVE('',#1585,#1587,#496,.T.);
#2561=EDGE_CURVE('',#1583,#1585,#500,.T.);
#2566=EDGE_CURVE('',#1644,#1645,#508,.T.);
#2568=EDGE_CURVE('',#1645,#1649,#512,.T.);
#2570=EDGE_CURVE('',#1648,#1649,#516,.T.);
#2572=EDGE_CURVE('',#1644,#1648,#520,.T.);
#2585=EDGE_CURVE('',#1569,#1604,#528,.T.);
#2595=EDGE_CURVE('',#1609,#1613,#532,.T.);
#2597=EDGE_CURVE('',#1609,#1585,#536,.T.);
#2615=EDGE_CURVE('',#1609,#1607,#548,.T.);
#2620=EDGE_CURVE('',#1859,#1860,#556,.T.);
#2622=EDGE_CURVE('',#1867,#1860,#636,.T.);
#2624=EDGE_CURVE('',#1867,#1868,#560,.T.);
#2626=EDGE_CURVE('',#1859,#1868,#590,.T.);
#2630=EDGE_CURVE('',#1875,#1876,#564,.T.);
#2632=EDGE_CURVE('',#1883,#1876,#606,.T.);
#2634=EDGE_CURVE('',#1883,#1884,#568,.T.);
#2636=EDGE_CURVE('',#1875,#1884,#652,.T.);
#2671=EDGE_CURVE('',#1859,#1863,#581,.T.);
#2673=EDGE_CURVE('',#1863,#1864,#746,.T.);
#2675=EDGE_CURVE('',#1864,#1860,#586,.T.);
#2686=EDGE_CURVE('',#1872,#1868,#628,.T.);
#2688=EDGE_CURVE('',#1740,#1872,#594,.T.);
#2690=EDGE_CURVE('',#1739,#1740,#598,.T.);
#2692=EDGE_CURVE('',#1863,#1739,#602,.T.);
#2704=EDGE_CURVE('',#1880,#1876,#988,.T.);
#2706=EDGE_CURVE('',#1736,#1880,#610,.T.);
#2708=EDGE_CURVE('',#1735,#1736,#614,.T.);
#2710=EDGE_CURVE('',#1887,#1735,#618,.T.);
#2712=EDGE_CURVE('',#1883,#1887,#973,.T.);
#2723=EDGE_CURVE('',#1867,#1871,#623,.T.);
#2725=EDGE_CURVE('',#1871,#1872,#664,.T.);
#2736=EDGE_CURVE('',#1748,#1871,#632,.T.);
#2741=EDGE_CURVE('',#1864,#1747,#640,.T.);
#2743=EDGE_CURVE('',#1747,#1748,#644,.T.);
#2753=EDGE_CURVE('',#1744,#1879,#648,.T.);
#2755=EDGE_CURVE('',#1875,#1879,#983,.T.);
#2758=EDGE_CURVE('',#1888,#1884,#978,.T.);
#2760=EDGE_CURVE('',#1888,#1743,#656,.T.);
#2762=EDGE_CURVE('',#1743,#1744,#660,.T.);
#2774=EDGE_CURVE('',#1748,#2034,#673,.T.);
#2776=EDGE_CURVE('',#2034,#1740,#677,.T.);
#2787=EDGE_CURVE('',#2028,#2034,#669,.T.);
#2791=EDGE_CURVE('',#1747,#2028,#742,.T.);
#2802=EDGE_CURVE('',#2034,#2030,#682,.T.);
#2804=EDGE_CURVE('',#2030,#1739,#696,.T.);
#2816=EDGE_CURVE('',#2028,#2017,#687,.T.);
#2818=EDGE_CURVE('',#2017,#2018,#751,.T.);
#2820=EDGE_CURVE('',#2018,#2030,#692,.T.);
#2833=EDGE_CURVE('',#2018,#1904,#700,.T.);
#2835=EDGE_CURVE('',#1904,#1916,#704,.T.);
#2837=EDGE_CURVE('',#1915,#1916,#708,.T.);
#2839=EDGE_CURVE('',#1942,#1915,#712,.T.);
#2841=EDGE_CURVE('',#1899,#1942,#717,.T.);
#2843=EDGE_CURVE('',#1899,#1900,#721,.T.);
#2845=EDGE_CURVE('',#1900,#1940,#726,.T.);
#2847=EDGE_CURVE('',#1940,#1919,#730,.T.);
#2849=EDGE_CURVE('',#1919,#1920,#734,.T.);
#2851=EDGE_CURVE('',#1920,#1903,#738,.T.);
#2853=EDGE_CURVE('',#2017,#1903,#755,.T.);
#2870=EDGE_CURVE('',#1903,#1904,#760,.T.);
#2881=EDGE_CURVE('',#1932,#1916,#764,.T.);
#2886=EDGE_CURVE('',#1934,#1920,#768,.T.);
#2888=EDGE_CURVE('',#1934,#1932,#773,.T.);
#2899=EDGE_CURVE('',#1932,#1929,#777,.T.);
#2901=EDGE_CURVE('',#1929,#1915,#795,.T.);
#2914=EDGE_CURVE('',#1934,#1930,#781,.T.);
#2916=EDGE_CURVE('',#1930,#1929,#786,.T.);
#2926=EDGE_CURVE('',#1919,#1930,#804,.T.);
#2943=EDGE_CURVE('',#1940,#1942,#809,.T.);
#2979=EDGE_CURVE('',#1900,#1899,#814,.T.);
#3001=EDGE_CURVE('',#1744,#2024,#878,.T.);
#3003=EDGE_CURVE('',#2022,#2024,#888,.T.);
#3005=EDGE_CURVE('',#2022,#1896,#818,.T.);
#3007=EDGE_CURVE('',#1896,#1912,#822,.T.);
#3009=EDGE_CURVE('',#1911,#1912,#826,.T.);
#3011=EDGE_CURVE('',#1911,#1936,#830,.T.);
#3013=EDGE_CURVE('',#1936,#1891,#835,.T.);
#3015=EDGE_CURVE('',#1891,#1892,#839,.T.);
#3017=EDGE_CURVE('',#1938,#1892,#844,.T.);
#3019=EDGE_CURVE('',#1907,#1938,#848,.T.);
#3021=EDGE_CURVE('',#1907,#1908,#852,.T.);
#3023=EDGE_CURVE('',#1908,#1895,#856,.T.);
#3025=EDGE_CURVE('',#2021,#1895,#897,.T.);
#3027=EDGE_CURVE('',#2026,#2021,#883,.T.);
#3029=EDGE_CURVE('',#2026,#1736,#869,.T.);
#3032=EDGE_CURVE('',#1879,#1880,#860,.T.);
#3043=EDGE_CURVE('',#2026,#2032,#865,.T.);
#3045=EDGE_CURVE('',#2032,#1735,#964,.T.);
#3057=EDGE_CURVE('',#1743,#2032,#968,.T.);
#3059=EDGE_CURVE('',#2032,#2024,#874,.T.);
#3073=EDGE_CURVE('',#2021,#2022,#893,.T.);
#3087=EDGE_CURVE('',#1895,#1896,#902,.T.);
#3098=EDGE_CURVE('',#1922,#1908,#906,.T.);
#3100=EDGE_CURVE('',#1924,#1922,#956,.T.);
#3102=EDGE_CURVE('',#1924,#1912,#910,.T.);
#3115=EDGE_CURVE('',#1926,#1907,#919,.T.);
#3117=EDGE_CURVE('',#1926,#1922,#947,.T.);
#3131=EDGE_CURVE('',#1936,#1938,#938,.T.);
#3134=EDGE_CURVE('',#1911,#1928,#928,.T.);
#3136=EDGE_CURVE('',#1928,#1926,#933,.T.);
#3173=EDGE_CURVE('',#1891,#1892,#943,.T.);
#3194=EDGE_CURVE('',#1928,#1924,#951,.T.);
#3218=EDGE_CURVE('',#1887,#1888,#960,.T.);
#3256=EDGE_CURVE('',#1668,#1669,#992,.T.);
#3258=EDGE_CURVE('',#1669,#1645,#996,.T.);
#3261=EDGE_CURVE('',#1644,#1668,#1000,.T.);
#3271=EDGE_CURVE('',#1672,#1673,#1004,.T.);
#3273=EDGE_CURVE('',#1673,#1636,#1008,.T.);
#3276=EDGE_CURVE('',#1637,#1672,#1012,.T.);
#3287=EDGE_CURVE('',#1653,#1668,#1024,.T.);
#3289=EDGE_CURVE('',#1652,#1653,#1172,.T.);
#3291=EDGE_CURVE('',#1652,#1660,#1016,.T.);
#3293=EDGE_CURVE('',#1660,#1661,#1088,.T.);
#3295=EDGE_CURVE('',#1676,#1661,#1028,.T.);
#3297=EDGE_CURVE('',#1676,#1677,#1184,.T.);
#3299=EDGE_CURVE('',#1669,#1677,#1208,.T.);
#3309=EDGE_CURVE('',#1711,#1707,#1020,.T.);
#3311=EDGE_CURVE('',#1653,#1707,#1176,.T.);
#3316=EDGE_CURVE('',#1648,#1676,#1188,.T.);
#3319=EDGE_CURVE('',#1661,#1711,#1084,.T.);
#3330=EDGE_CURVE('',#1713,#1711,#1032,.T.);
#3332=EDGE_CURVE('',#1713,#1709,#1044,.T.);
#3334=EDGE_CURVE('',#1709,#1707,#1180,.T.);
#3344=EDGE_CURVE('',#1713,#1704,#1048,.T.);
#3347=EDGE_CURVE('',#1711,#1700,#1080,.T.);
#3349=EDGE_CURVE('',#1700,#1704,#1056,.T.);
#3359=EDGE_CURVE('',#1704,#1705,#1036,.T.);
#3361=EDGE_CURVE('',#1705,#1709,#1040,.T.);
#3373=EDGE_CURVE('',#1700,#1701,#1060,.T.);
#3375=EDGE_CURVE('',#1705,#1701,#1052,.T.);
#3388=EDGE_CURVE('',#1700,#1660,#1092,.T.);
#3391=EDGE_CURVE('',#1701,#1652,#1168,.T.);
#3401=EDGE_CURVE('',#1695,#1684,#1064,.T.);
#3403=EDGE_CURVE('',#1665,#1695,#1068,.T.);
#3405=EDGE_CURVE('',#1664,#1665,#1072,.T.);
#3407=EDGE_CURVE('',#1684,#1664,#1076,.T.);
#3429=EDGE_CURVE('',#1697,#1688,#1108,.T.);
#3431=EDGE_CURVE('',#1697,#1695,#1140,.T.);
#3434=EDGE_CURVE('',#1684,#1688,#1116,.T.);
#3444=EDGE_CURVE('',#1688,#1689,#1096,.T.);
#3446=EDGE_CURVE('',#1689,#1693,#1100,.T.);
#3448=EDGE_CURVE('',#1697,#1693,#1104,.T.);
#3459=EDGE_CURVE('',#1684,#1685,#1120,.T.);
#3461=EDGE_CURVE('',#1689,#1685,#1112,.T.);
#3475=EDGE_CURVE('',#1656,#1664,#1124,.T.);
#3477=EDGE_CURVE('',#1685,#1656,#1152,.T.);
#3488=EDGE_CURVE('',#1657,#1672,#1132,.T.);
#3490=EDGE_CURVE('',#1656,#1657,#1156,.T.);
#3494=EDGE_CURVE('',#1680,#1665,#1136,.T.);
#3496=EDGE_CURVE('',#1680,#1681,#1196,.T.);
#3498=EDGE_CURVE('',#1673,#1681,#1212,.T.);
#3508=EDGE_CURVE('',#1695,#1691,#1128,.T.);
#3510=EDGE_CURVE('',#1657,#1691,#1160,.T.);
#3515=EDGE_CURVE('',#1641,#1680,#1200,.T.);
#3530=EDGE_CURVE('',#1693,#1691,#1144,.T.);
#3540=EDGE_CURVE('',#1685,#1691,#1148,.T.);
#3565=EDGE_CURVE('',#1701,#1707,#1164,.T.);
#3593=EDGE_CURVE('',#1677,#1649,#1192,.T.);
#3606=EDGE_CURVE('',#1681,#1640,#1204,.T.);
#3641=EDGE_CURVE('',#1787,#1792,#1216,.T.);
#3644=EDGE_CURVE('',#1791,#1945,#1220,.T.);
#3646=EDGE_CURVE('',#1945,#1946,#1224,.T.);
#3648=EDGE_CURVE('',#1946,#1960,#1228,.T.);
#3650=EDGE_CURVE('',#1960,#1958,#1233,.T.);
#3652=EDGE_CURVE('',#1958,#1956,#1238,.T.);
#3654=EDGE_CURVE('',#1956,#1954,#1242,.T.);
#3656=EDGE_CURVE('',#1954,#1952,#1246,.T.);
#3658=EDGE_CURVE('',#1952,#1949,#1250,.T.);
#3660=EDGE_CURVE('',#1949,#1950,#1255,.T.);
#3662=EDGE_CURVE('',#1950,#1794,#1260,.T.);
#3673=EDGE_CURVE('',#1797,#1798,#1372,.T.);
#3675=EDGE_CURVE('',#1798,#1779,#1264,.T.);
#3677=EDGE_CURVE('',#1779,#1780,#1268,.T.);
#3679=EDGE_CURVE('',#1780,#1797,#1272,.T.);
#3692=EDGE_CURVE('',#1805,#1809,#1320,.T.);
#3704=EDGE_CURVE('',#1968,#1812,#1277,.T.);
#3706=EDGE_CURVE('',#1967,#1968,#1282,.T.);
#3708=EDGE_CURVE('',#1970,#1967,#1286,.T.);
#3710=EDGE_CURVE('',#1972,#1970,#1290,.T.);
#3712=EDGE_CURVE('',#1974,#1972,#1294,.T.);
#3714=EDGE_CURVE('',#1976,#1974,#1299,.T.);
#3716=EDGE_CURVE('',#1978,#1976,#1304,.T.);
#3718=EDGE_CURVE('',#1964,#1978,#1308,.T.);
#3720=EDGE_CURVE('',#1963,#1964,#1312,.T.);
#3722=EDGE_CURVE('',#1810,#1963,#1316,.T.);
#3734=EDGE_CURVE('',#1800,#1802,#1380,.T.);
#3736=EDGE_CURVE('',#1784,#1800,#1324,.T.);
#3738=EDGE_CURVE('',#1783,#1784,#1328,.T.);
#3740=EDGE_CURVE('',#1802,#1783,#1332,.T.);
#3752=EDGE_CURVE('',#1968,#1950,#1336,.T.);
#3764=EDGE_CURVE('',#1967,#1949,#1340,.T.);
#3777=EDGE_CURVE('',#1970,#1952,#1344,.T.);
#3790=EDGE_CURVE('',#1972,#1954,#1348,.T.);
#3803=EDGE_CURVE('',#1974,#1956,#1352,.T.);
#3816=EDGE_CURVE('',#1976,#1958,#1356,.T.);
#3829=EDGE_CURVE('',#1978,#1960,#1360,.T.);
#3842=EDGE_CURVE('',#1964,#1946,#1364,.T.);
#3855=EDGE_CURVE('',#1963,#1945,#1368,.T.);
#3879=EDGE_CURVE('',#1815,#1816,#1388,.T.);
#3881=EDGE_CURVE('',#1754,#1816,#1392,.T.);
#3883=EDGE_CURVE('',#1752,#1754,#1396,.T.);
#3885=EDGE_CURVE('',#1751,#1752,#1400,.T.);
#3887=EDGE_CURVE('',#1815,#1751,#1404,.T.);
#3892=EDGE_CURVE('',#1797,#1800,#1376,.T.);
#3895=EDGE_CURVE('',#1798,#1802,#1384,.T.);
#3907=EDGE_CURVE('',#1784,#1780,#1408,.T.);
#3919=EDGE_CURVE('',#1783,#1779,#1412,.T.);
#3944=EDGE_CURVE('',#1815,#1820,#1416,.T.);
#3947=EDGE_CURVE('',#1816,#1818,#1428,.T.);
#3959=EDGE_CURVE('',#1757,#1751,#1420,.T.);
#3973=EDGE_CURVE('',#1758,#1752,#1424,.T.);
#3986=EDGE_CURVE('',#1760,#1754,#1432,.T.);
#4011=EDGE_CURVE('',#1835,#1844,#1480,.T.);
#4023=EDGE_CURVE('',#2004,#1848,#1437,.T.);
#4025=EDGE_CURVE('',#2003,#2004,#1442,.T.);
#4027=EDGE_CURVE('',#2006,#2003,#1446,.T.);
#4029=EDGE_CURVE('',#2008,#2006,#1450,.T.);
#4031=EDGE_CURVE('',#2010,#2008,#1454,.T.);
#4033=EDGE_CURVE('',#2012,#2010,#1459,.T.);
#4035=EDGE_CURVE('',#2014,#2012,#1464,.T.);
#4037=EDGE_CURVE('',#2000,#2014,#1468,.T.);
#4039=EDGE_CURVE('',#1999,#2000,#1472,.T.);
#4041=EDGE_CURVE('',#1843,#1999,#1476,.T.);
#4054=EDGE_CURVE('',#1828,#1855,#1484,.T.);
#4056=EDGE_CURVE('',#1827,#1828,#1488,.T.);
#4058=EDGE_CURVE('',#1856,#1827,#1492,.T.);
#4070=EDGE_CURVE('',#2004,#1986,#1496,.T.);
#4082=EDGE_CURVE('',#2003,#1985,#1500,.T.);
#4095=EDGE_CURVE('',#2006,#1988,#1504,.T.);
#4108=EDGE_CURVE('',#2008,#1990,#1508,.T.);
#4121=EDGE_CURVE('',#2010,#1992,#1512,.T.);
#4134=EDGE_CURVE('',#2012,#1994,#1516,.T.);
#4147=EDGE_CURVE('',#2014,#1996,#1520,.T.);
#4160=EDGE_CURVE('',#2000,#1982,#1524,.T.);
#4173=EDGE_CURVE('',#1999,#1981,#1528,.T.);
#4199=EDGE_CURVE('',#1828,#1824,#1532,.T.);
#4211=EDGE_CURVE('',#1827,#1823,#1536,.T.);
#4238=EDGE_CURVE('',#1628,#1629,#1553,.T.);
#4258=(LENGTH_UNIT()NAMED_UNIT(*)SI_UNIT(.MILLI.,.METRE.));
#4260=(NAMED_UNIT(*)PLANE_ANGLE_UNIT()SI_UNIT($,.RADIAN.));
#4263=(NAMED_UNIT(*)SI_UNIT($,.STERADIAN.)SOLID_ANGLE_UNIT());
#4266=ADVANCED_BREP_SHAPE_REPRESENTATION('',(#4257),#4265);
#4273=PRODUCT_DEFINITION('part definition','',#4272,#4269);
#4274=PRODUCT_DEFINITION_SHAPE('','SHAPE FOR C-2-1445098-2.',#4273);
#4275=SHAPE_ASPECT('','solid data associated with C-2-1445098-2',#4274,.F.);
#4276=PROPERTY_DEFINITION('',
'shape for solid data with which properties are associated',#4275);
#4277=SHAPE_REPRESENTATION('',(#4257),#4265);
#4278=SHAPE_DEFINITION_REPRESENTATION(#4276,#4277);
#4279=(LENGTH_UNIT()NAMED_UNIT(*)SI_UNIT(.MILLI.,.METRE.));
#4283=PROPERTY_DEFINITION('geometric validation property',
'area of C-2-1445098-2',#4275);
#4284=REPRESENTATION('surface area',(#4282),#4265);
#4285=PROPERTY_DEFINITION_REPRESENTATION(#4283,#4284);
#4286=(LENGTH_UNIT()NAMED_UNIT(*)SI_UNIT(.MILLI.,.METRE.));
#4290=PROPERTY_DEFINITION('geometric validation property',
'volume of C-2-1445098-2',#4275);
#4291=REPRESENTATION('volume',(#4289),#4265);
#4292=PROPERTY_DEFINITION_REPRESENTATION(#4290,#4291);
#4294=PROPERTY_DEFINITION('geometric validation property',
'centroid of C-2-1445098-2',#4275);
#4295=REPRESENTATION('centroid',(#4293),#4265);
#4296=PROPERTY_DEFINITION_REPRESENTATION(#4294,#4295);
#4297=(LENGTH_UNIT()NAMED_UNIT(*)SI_UNIT(.MILLI.,.METRE.));
#4301=PROPERTY_DEFINITION('geometric validation property',
'area of C-2-1445098-2',#4274);
#4302=REPRESENTATION('surface area',(#4300),#4265);
#4303=PROPERTY_DEFINITION_REPRESENTATION(#4301,#4302);
#4304=(LENGTH_UNIT()NAMED_UNIT(*)SI_UNIT(.MILLI.,.METRE.));
#4308=PROPERTY_DEFINITION('geometric validation property',
'volume of C-2-1445098-2',#4274);
#4309=REPRESENTATION('volume',(#4307),#4265);
#4310=PROPERTY_DEFINITION_REPRESENTATION(#4308,#4309);
#4312=PROPERTY_DEFINITION('geometric validation property',
'centroid of C-2-1445098-2',#4274);
#4313=REPRESENTATION('centroid',(#4311),#4265);
#4314=PROPERTY_DEFINITION_REPRESENTATION(#4312,#4313);
#4315=SHAPE_DEFINITION_REPRESENTATION(#4274,#4266);
#4317=PROPERTY_DEFINITION('user defined attribute','',#4273);
#4321=REPRESENTATION('',(#4320),#4265);
#4322=PROPERTY_DEFINITION_REPRESENTATION(#4317,#4321);
#4323=PROPERTY_DEFINITION('user defined attribute','',#4273);
#4327=REPRESENTATION('',(#4326),#4265);
#4328=PROPERTY_DEFINITION_REPRESENTATION(#4323,#4327);
#4329=PROPERTY_DEFINITION('user defined attribute','',#4273);
#4333=REPRESENTATION('',(#4332),#4265);
#4334=PROPERTY_DEFINITION_REPRESENTATION(#4329,#4333);
#4335=PROPERTY_DEFINITION('user defined attribute','',#4273);
#4339=REPRESENTATION('',(#4338),#4265);
#4340=PROPERTY_DEFINITION_REPRESENTATION(#4335,#4339);
#4341=PROPERTY_DEFINITION('user defined attribute','',#4273);
#4345=REPRESENTATION('',(#4344),#4265);
#4346=PROPERTY_DEFINITION_REPRESENTATION(#4341,#4345);
#4347=PROPERTY_DEFINITION('user defined attribute','',#4273);
#4351=REPRESENTATION('',(#4350),#4265);
#4352=PROPERTY_DEFINITION_REPRESENTATION(#4347,#4351);
#4353=PROPERTY_DEFINITION('user defined attribute','',#4273);
#4357=REPRESENTATION('',(#4356),#4265);
#4358=PROPERTY_DEFINITION_REPRESENTATION(#4353,#4357);
#4359=PROPERTY_DEFINITION('user defined attribute','',#4273);
#4363=REPRESENTATION('',(#4362),#4265);
#4364=PROPERTY_DEFINITION_REPRESENTATION(#4359,#4363);
#4365=PROPERTY_DEFINITION('user defined attribute','',#4273);
#4369=REPRESENTATION('',(#4368),#4265);
#4370=PROPERTY_DEFINITION_REPRESENTATION(#4365,#4369);
#4371=PROPERTY_DEFINITION('user defined attribute','',#4273);
#4375=REPRESENTATION('',(#4374),#4265);
#4376=PROPERTY_DEFINITION_REPRESENTATION(#4371,#4375);
#4377=PROPERTY_DEFINITION('user defined attribute','',#4273);
#4381=REPRESENTATION('',(#4380),#4265);
#4382=PROPERTY_DEFINITION_REPRESENTATION(#4377,#4381);
#4383=PROPERTY_DEFINITION('user defined attribute','',#4273);
#4387=REPRESENTATION('',(#4386),#4265);
#4388=PROPERTY_DEFINITION_REPRESENTATION(#4383,#4387);
#4389=PROPERTY_DEFINITION('user defined attribute','',#4273);
#4393=REPRESENTATION('',(#4392),#4265);
#4394=PROPERTY_DEFINITION_REPRESENTATION(#4389,#4393);
#4395=PROPERTY_DEFINITION('user defined attribute','',#4273);
#4399=REPRESENTATION('',(#4398),#4265);
#4400=PROPERTY_DEFINITION_REPRESENTATION(#4395,#4399);
#4401=PROPERTY_DEFINITION('user defined attribute','',#4273);
#4405=REPRESENTATION('',(#4404),#4265);
#4406=PROPERTY_DEFINITION_REPRESENTATION(#4401,#4405);
#4407=PROPERTY_DEFINITION('user defined attribute','',#4273);
#4411=REPRESENTATION('',(#4410),#4265);
#4412=PROPERTY_DEFINITION_REPRESENTATION(#4407,#4411);
#4413=PROPERTY_DEFINITION('user defined attribute','',#4273);
#4417=REPRESENTATION('',(#4416),#4265);
#4418=PROPERTY_DEFINITION_REPRESENTATION(#4413,#4417);
#4419=PROPERTY_DEFINITION('user defined attribute','',#4273);
#4423=REPRESENTATION('',(#4422),#4265);
#4424=PROPERTY_DEFINITION_REPRESENTATION(#4419,#4423);
#4425=PROPERTY_DEFINITION('user defined attribute','',#4273);
#4429=REPRESENTATION('',(#4428),#4265);
#4430=PROPERTY_DEFINITION_REPRESENTATION(#4425,#4429);
#4431=PROPERTY_DEFINITION('user defined attribute','',#4273);
#4435=REPRESENTATION('',(#4434),#4265);
#4436=PROPERTY_DEFINITION_REPRESENTATION(#4431,#4435);
#4437=PROPERTY_DEFINITION('user defined attribute','',#4273);
#4441=REPRESENTATION('',(#4440),#4265);
#4442=PROPERTY_DEFINITION_REPRESENTATION(#4437,#4441);
#4443=PROPERTY_DEFINITION('user defined attribute','',#4273);
#4447=REPRESENTATION('',(#4446),#4265);
#4448=PROPERTY_DEFINITION_REPRESENTATION(#4443,#4447);
#4449=PROPERTY_DEFINITION('user defined attribute','',#4273);
#4453=REPRESENTATION('',(#4452),#4265);
#4454=PROPERTY_DEFINITION_REPRESENTATION(#4449,#4453);
ENDSEC;
END-ISO-10303-21;
